Unnamed: 0,Name,Last modified,Size,Description,Year,Month
,,,,,1996,1
,Parent Directory,,-,,1996,1
,daily_plots/,2019-05-06 20:01,-,,1996,1
,htpng/,2023-03-12 20:08,-,,1996,1
,jsmovies/,2025-06-09 13:58,-,,1996,1
,yht/,2024-04-25 19:12,-,,1996,1
,univ1996_01.html,2024-04-25 19:12,19K,,1996,1
,,,,,1996,1
,,,,,1996,2
,Parent Directory,,-,,1996,2
,daily_plots/,2019-05-06 20:01,-,,1996,2
,htpng/,2023-03-12 20:13,-,,1996,2
,jsmovies/,2025-06-09 13:58,-,,1996,2
,yht/,2024-04-25 19:13,-,,1996,2
,univ1996_02.html,2024-04-25 19:13,32K,,1996,2
,,,,,1996,2
,,,,,1996,3
,Parent Directory,,-,,1996,3
,daily_plots/,2019-05-06 20:01,-,,1996,3
,htpng/,2023-03-12 20:13,-,,1996,3
,jsmovies/,2025-06-09 13:58,-,,1996,3
,yht/,2024-04-25 19:14,-,,1996,3
,univ1996_03.html,2024-04-25 19:14,55K,,1996,3
,,,,,1996,3
,,,,,1996,4
,Parent Directory,,-,,1996,4
,daily_plots/,2019-05-06 20:01,-,,1996,4
,htpng/,2023-03-12 20:14,-,,1996,4
,jsmovies/,2025-06-09 13:58,-,,1996,4
,yht/,2024-04-25 19:15,-,,1996,4
,univ1996_04.html,2024-04-25 19:15,68K,,1996,4
,,,,,1996,4
,,,,,1996,5
,Parent Directory,,-,,1996,5
,daily_plots/,2019-05-06 20:01,-,,1996,5
,htpng/,2023-05-06 15:41,-,,1996,5
,jsmovies/,2025-06-09 13:58,-,,1996,5
,yht/,2024-04-25 19:16,-,,1996,5
,univ1996_05.html,2024-04-25 19:16,113K,,1996,5
,,,,,1996,5
,,,,,1996,6
,Parent Directory,,-,,1996,6
,daily_plots/,2019-05-06 20:01,-,,1996,6
,htpng/,2023-03-12 20:16,-,,1996,6
,jsmovies/,2025-06-09 13:58,-,,1996,6
,yht/,2024-04-25 19:17,-,,1996,6
,univ1996_06.html,2024-04-25 19:17,168K,,1996,6
,,,,,1996,6
,,,,,1996,7
,Parent Directory,,-,,1996,7
,daily_plots/,2019-05-06 20:01,-,,1996,7
,htpng/,2023-03-12 20:17,-,,1996,7
,jsmovies/,2025-06-09 13:58,-,,1996,7
,yht/,2024-04-25 19:19,-,,1996,7
,univ1996_07.html,2024-04-25 19:19,188K,,1996,7
,,,,,1996,7
,,,,,1996,8
,Parent Directory,,-,,1996,8
,daily_plots/,2019-05-06 20:01,-,,1996,8
,htpng/,2023-05-06 16:37,-,,1996,8
,jsmovies/,2025-06-09 13:58,-,,1996,8
,yht/,2024-04-25 19:20,-,,1996,8
,univ1996_08.html,2024-04-25 19:20,282K,,1996,8
,,,,,1996,8
,,,,,1996,9
,Parent Directory,,-,,1996,9
,daily_plots/,2019-05-06 20:01,-,,1996,9
,htpng/,2023-03-12 20:19,-,,1996,9
,jsmovies/,2025-06-09 13:58,-,,1996,9
,yht/,2024-04-25 19:22,-,,1996,9
,univ1996_09.html,2024-04-25 19:22,207K,,1996,9
,,,,,1996,9
,,,,,1996,10
,Parent Directory,,-,,1996,10
,daily_plots/,2019-05-06 20:01,-,,1996,10
,htpng/,2023-03-12 20:20,-,,1996,10
,jsmovies/,2025-06-09 13:58,-,,1996,10
,yht/,2024-04-25 19:23,-,,1996,10
,univ1996_10.html,2024-04-25 19:23,242K,,1996,10
,,,,,1996,10
,,,,,1996,11
,Parent Directory,,-,,1996,11
,daily_plots/,2019-05-06 20:01,-,,1996,11
,htpng/,2023-03-12 20:21,-,,1996,11
,jsmovies/,2025-06-09 13:58,-,,1996,11
,yht/,2024-04-25 19:25,-,,1996,11
,univ1996_11.html,2024-04-25 19:25,217K,,1996,11
,,,,,1996,11
,,,,,1996,12
,Parent Directory,,-,,1996,12
,daily_plots/,2019-05-06 20:01,-,,1996,12
,htpng/,2023-03-15 16:49,-,,1996,12
,jsmovies/,2025-06-09 13:58,-,,1996,12
,yht/,2024-04-25 19:26,-,,1996,12
,univ1996_12.html,2024-04-25 19:26,271K,,1996,12
,,,,,1996,12
,,,,,1997,1
,Parent Directory,,-,,1997,1
,daily_plots/,2019-05-06 20:01,-,,1997,1
,htpng/,2023-03-12 20:24,-,,1997,1
,jsmovies/,2025-06-09 13:58,-,,1997,1
,yht/,2024-04-25 19:28,-,,1997,1
,univ1997_01.html,2024-04-25 19:28,167K,,1997,1
,,,,,1997,1
,,,,,1997,2
,Parent Directory,,-,,1997,2
,daily_plots/,2019-05-06 20:01,-,,1997,2
,htpng/,2023-03-12 20:25,-,,1997,2
,jsmovies/,2025-06-09 13:58,-,,1997,2
,yht/,2024-04-25 19:29,-,,1997,2
,univ1997_02.html,2024-04-25 19:29,200K,,1997,2
,,,,,1997,2
,,,,,1997,3
,Parent Directory,,-,,1997,3
,daily_plots/,2019-05-06 20:01,-,,1997,3
,htpng/,2023-03-12 20:26,-,,1997,3
,jsmovies/,2025-06-09 13:58,-,,1997,3
,yht/,2024-04-25 19:31,-,,1997,3
,univ1997_03.html,2024-04-25 19:31,125K,,1997,3
,,,,,1997,3
,,,,,1997,4
,Parent Directory,,-,,1997,4
,daily_plots/,2019-05-06 20:01,-,,1997,4
,htpng/,2023-03-12 20:27,-,,1997,4
,jsmovies/,2025-06-09 13:58,-,,1997,4
,yht/,2024-04-25 19:32,-,,1997,4
,univ1997_04.html,2024-04-25 19:32,191K,,1997,4
,,,,,1997,4
,,,,,1997,5
,Parent Directory,,-,,1997,5
,daily_plots/,2019-05-06 20:01,-,,1997,5
,htpng/,2023-03-12 20:28,-,,1997,5
,jsmovies/,2025-06-09 13:58,-,,1997,5
,yht/,2024-04-25 19:33,-,,1997,5
,univ1997_05.html,2024-04-25 19:33,163K,,1997,5
,,,,,1997,5
,,,,,1997,6
,Parent Directory,,-,,1997,6
,daily_plots/,2019-05-06 20:01,-,,1997,6
,htpng/,2023-03-12 20:28,-,,1997,6
,jsmovies/,2025-06-09 13:58,-,,1997,6
,yht/,2024-04-25 19:34,-,,1997,6
,univ1997_06.html,2024-04-25 19:34,132K,,1997,6
,,,,,1997,6
,,,,,1997,7
,Parent Directory,,-,,1997,7
,daily_plots/,2019-05-06 20:01,-,,1997,7
,htpng/,2023-03-12 20:29,-,,1997,7
,jsmovies/,2025-06-09 13:58,-,,1997,7
,yht/,2024-04-25 19:36,-,,1997,7
,univ1997_07.html,2024-04-25 19:36,143K,,1997,7
,,,,,1997,7
,,,,,1997,8
,Parent Directory,,-,,1997,8
,daily_plots/,2019-05-06 20:01,-,,1997,8
,htpng/,2023-03-12 20:30,-,,1997,8
,jsmovies/,2025-06-09 13:58,-,,1997,8
,yht/,2024-04-25 19:37,-,,1997,8
,univ1997_08.html,2024-04-25 19:37,102K,,1997,8
,,,,,1997,8
,,,,,1997,9
,Parent Directory,,-,,1997,9
,daily_plots/,2019-05-06 20:01,-,,1997,9
,htpng/,2023-03-12 20:31,-,,1997,9
,jsmovies/,2025-06-09 13:58,-,,1997,9
,yht/,2024-04-25 19:38,-,,1997,9
,univ1997_09.html,2024-04-25 19:38,140K,,1997,9
,,,,,1997,9
,,,,,1997,10
,Parent Directory,,-,,1997,10
,daily_plots/,2019-05-06 20:01,-,,1997,10
,htpng/,2023-03-12 20:32,-,,1997,10
,jsmovies/,2025-06-09 13:58,-,,1997,10
,yht/,2024-04-25 19:39,-,,1997,10
,univ1997_10.html,2024-04-25 19:39,162K,,1997,10
,,,,,1997,10
,,,,,1997,11
,Parent Directory,,-,,1997,11
,daily_plots/,2019-05-06 20:01,-,,1997,11
,htpng/,2023-03-12 20:33,-,,1997,11
,jsmovies/,2025-06-09 13:58,-,,1997,11
,yht/,2024-04-25 19:40,-,,1997,11
,univ1997_11.html,2024-04-25 19:40,157K,,1997,11
,,,,,1997,11
,,,,,1997,12
,Parent Directory,,-,,1997,12
,daily_plots/,2019-05-06 20:01,-,,1997,12
,htpng/,2023-03-12 20:34,-,,1997,12
,jsmovies/,2025-06-09 13:58,-,,1997,12
,yht/,2024-04-25 19:42,-,,1997,12
,univ1997_12.html,2024-04-25 19:42,140K,,1997,12
,,,,,1997,12
,,,,,1998,1
,Parent Directory,,-,,1998,1
,daily_plots/,2019-05-06 20:01,-,,1998,1
,htpng/,2023-03-12 20:35,-,,1998,1
,jsmovies/,2025-06-09 13:58,-,,1998,1
,yht/,2024-04-25 19:43,-,,1998,1
,univ1998_01.html,2024-04-25 19:43,177K,,1998,1
,,,,,1998,1
,,,,,1998,2
,Parent Directory,,-,,1998,2
,daily_plots/,2019-05-06 20:01,-,,1998,2
,htpng/,2023-03-12 20:36,-,,1998,2
,jsmovies/,2025-06-09 13:58,-,,1998,2
,yht/,2024-04-25 19:44,-,,1998,2
,univ1998_02.html,2024-04-25 19:44,232K,,1998,2
,,,,,1998,2
,,,,,1998,3
,Parent Directory,,-,,1998,3
,daily_plots/,2019-05-06 20:01,-,,1998,3
,htpng/,2023-03-12 20:38,-,,1998,3
,jsmovies/,2025-06-09 13:58,-,,1998,3
,yht/,2024-04-25 19:46,-,,1998,3
,univ1998_03.html,2024-04-25 19:46,210K,,1998,3
,,,,,1998,3
,,,,,1998,4
,Parent Directory,,-,,1998,4
,daily_plots/,2019-05-06 20:01,-,,1998,4
,htpng/,2023-03-12 20:39,-,,1998,4
,jsmovies/,2025-06-09 13:58,-,,1998,4
,yht/,2024-04-25 19:47,-,,1998,4
,univ1998_04.html,2024-04-25 19:47,239K,,1998,4
,,,,,1998,4
,,,,,1998,5
,Parent Directory,,-,,1998,5
,daily_plots/,2019-05-06 20:01,-,,1998,5
,htpng/,2023-03-12 20:40,-,,1998,5
,jsmovies/,2025-06-09 13:58,-,,1998,5
,yht/,2024-04-25 19:49,-,,1998,5
,univ1998_05.html,2024-04-25 19:49,251K,,1998,5
,,,,,1998,5
,,,,,1998,6
,Parent Directory,,-,,1998,6
,daily_plots/,2019-05-06 20:01,-,,1998,6
,htpng/,2023-03-12 20:41,-,,1998,6
,jsmovies/,2025-06-09 13:58,-,,1998,6
,yht/,2024-04-25 19:51,-,,1998,6
,univ1998_06.html,2024-04-25 19:51,262K,,1998,6
,,,,,1998,6
,,,,,1998,7
,Parent Directory,,-,,1998,7
,,,,,1998,7
,,,,,1998,8
,Parent Directory,,-,,1998,8
,,,,,1998,8
,,,,,1998,9
,Parent Directory,,-,,1998,9
,,,,,1998,9
,,,,,1998,10
,Parent Directory,,-,,1998,10
,daily_plots/,2019-05-06 20:01,-,,1998,10
,htpng/,2023-03-12 20:43,-,,1998,10
,jsmovies/,2025-06-09 13:58,-,,1998,10
,yht/,2024-04-25 19:53,-,,1998,10
,univ1998_10.html,2024-04-25 19:53,91K,,1998,10
,,,,,1998,10
,,,,,1998,11
,Parent Directory,,-,,1998,11
,daily_plots/,2019-05-06 20:01,-,,1998,11
,htpng/,2023-03-12 20:44,-,,1998,11
,jsmovies/,2025-06-09 13:58,-,,1998,11
,yht/,2024-04-25 19:54,-,,1998,11
,univ1998_11.html,2024-04-25 19:54,246K,,1998,11
,,,,,1998,11
,,,,,1998,12
,Parent Directory,,-,,1998,12
,daily_plots/,2019-05-06 20:01,-,,1998,12
,htpng/,2023-03-12 20:45,-,,1998,12
,jsmovies/,2025-06-09 13:58,-,,1998,12
,yht/,2024-04-25 19:56,-,,1998,12
,univ1998_12.html,2024-04-25 19:56,223K,,1998,12
,,,,,1998,12
,,,,,1999,1
,Parent Directory,,-,,1999,1
,,,,,1999,1
,,,,,1999,2
,Parent Directory,,-,,1999,2
,daily_plots/,2019-05-06 20:01,-,,1999,2
,htpng/,2023-03-12 20:47,-,,1999,2
,jsmovies/,2025-06-09 13:58,-,,1999,2
,yht/,2024-04-25 19:57,-,,1999,2
,univ1999_02.html,2024-04-25 19:57,196K,,1999,2
,,,,,1999,2
,,,,,1999,3
,Parent Directory,,-,,1999,3
,daily_plots/,2019-05-06 20:01,-,,1999,3
,htpng/,2023-03-12 20:48,-,,1999,3
,jsmovies/,2025-06-09 13:58,-,,1999,3
,yht/,2024-04-25 19:59,-,,1999,3
,univ1999_03.html,2024-04-25 19:59,291K,,1999,3
,,,,,1999,3
,,,,,1999,4
,Parent Directory,,-,,1999,4
,daily_plots/,2019-05-06 20:01,-,,1999,4
,htpng/,2023-03-12 20:49,-,,1999,4
,jsmovies/,2025-06-09 13:58,-,,1999,4
,yht/,2024-04-25 20:01,-,,1999,4
,univ1999_04.html,2024-04-25 20:01,293K,,1999,4
,,,,,1999,4
,,,,,1999,5
,Parent Directory,,-,,1999,5
,daily_plots/,2019-05-06 20:01,-,,1999,5
,htpng/,2023-03-12 20:51,-,,1999,5
,jsmovies/,2025-06-09 13:58,-,,1999,5
,yht/,2024-04-25 20:03,-,,1999,5
,univ1999_05.html,2024-04-25 20:03,299K,,1999,5
,,,,,1999,5
,,,,,1999,6
,Parent Directory,,-,,1999,6
,daily_plots/,2019-05-06 20:01,-,,1999,6
,htpng/,2023-03-12 20:52,-,,1999,6
,jsmovies/,2025-06-09 13:58,-,,1999,6
,yht/,2024-04-25 20:04,-,,1999,6
,univ1999_06.html,2024-04-25 20:04,350K,,1999,6
,,,,,1999,6
,,,,,1999,7
,Parent Directory,,-,,1999,7
,daily_plots/,2019-05-06 20:01,-,,1999,7
,htpng/,2023-03-12 20:54,-,,1999,7
,jsmovies/,2025-06-09 13:58,-,,1999,7
,yht/,2024-04-25 20:06,-,,1999,7
,univ1999_07.html,2024-04-25 20:06,358K,,1999,7
,,,,,1999,7
,,,,,1999,8
,Parent Directory,,-,,1999,8
,daily_plots/,2019-05-06 20:01,-,,1999,8
,htpng/,2023-05-06 17:18,-,,1999,8
,jsmovies/,2025-06-09 13:58,-,,1999,8
,yht/,2024-04-25 20:09,-,,1999,8
,univ1999_08.html,2024-04-25 20:09,362K,,1999,8
,,,,,1999,8
,,,,,1999,9
,Parent Directory,,-,,1999,9
,daily_plots/,2019-05-06 20:01,-,,1999,9
,htpng/,2023-05-06 17:23,-,,1999,9
,jsmovies/,2025-06-09 13:58,-,,1999,9
,yht/,2024-04-25 20:10,-,,1999,9
,univ1999_09.html,2024-04-25 20:10,307K,,1999,9
,,,,,1999,9
,,,,,1999,10
,Parent Directory,,-,,1999,10
,daily_plots/,2019-05-06 20:01,-,,1999,10
,htpng/,2023-03-12 20:58,-,,1999,10
,jsmovies/,2025-06-09 13:58,-,,1999,10
,yht/,2024-04-25 20:12,-,,1999,10
,univ1999_10.html,2024-04-25 20:12,263K,,1999,10
,,,,,1999,10
,,,,,1999,11
,Parent Directory,,-,,1999,11
,daily_plots/,2019-05-06 20:01,-,,1999,11
,htpng/,2023-03-12 21:00,-,,1999,11
,jsmovies/,2025-06-09 13:58,-,,1999,11
,yht/,2024-04-25 20:14,-,,1999,11
,univ1999_11.html,2024-04-25 20:14,232K,,1999,11
,,,,,1999,11
,,,,,1999,12
,Parent Directory,,-,,1999,12
,daily_plots/,2019-05-06 20:01,-,,1999,12
,htpng/,2023-03-12 21:01,-,,1999,12
,jsmovies/,2025-06-09 13:58,-,,1999,12
,yht/,2024-04-25 20:16,-,,1999,12
,univ1999_12.html,2024-04-25 20:16,280K,,1999,12
,,,,,1999,12
,,,,,2000,1
,Parent Directory,,-,,2000,1
,daily_plots/,2019-05-06 20:01,-,,2000,1
,htpng/,2023-03-12 21:03,-,,2000,1
,jsmovies/,2025-06-09 13:58,-,,2000,1
,yht/,2024-04-25 20:17,-,,2000,1
,univ2000_01.html,2024-04-25 20:17,291K,,2000,1
,,,,,2000,1
,,,,,2000,2
,Parent Directory,,-,,2000,2
,daily_plots/,2019-05-06 20:01,-,,2000,2
,htpng/,2023-03-12 21:04,-,,2000,2
,jsmovies/,2025-06-09 13:58,-,,2000,2
,yht/,2024-04-25 20:19,-,,2000,2
,univ2000_02.html,2024-04-25 20:19,343K,,2000,2
,,,,,2000,2
,,,,,2000,3
,Parent Directory,,-,,2000,3
,daily_plots/,2019-05-06 20:01,-,,2000,3
,htpng/,2023-03-12 21:06,-,,2000,3
,jsmovies/,2025-06-09 13:58,-,,2000,3
,yht/,2024-04-25 20:21,-,,2000,3
,univ2000_03.html,2024-04-25 20:21,420K,,2000,3
,,,,,2000,3
,,,,,2000,4
,Parent Directory,,-,,2000,4
,daily_plots/,2019-05-06 20:01,-,,2000,4
,htpng/,2023-03-12 21:08,-,,2000,4
,jsmovies/,2025-06-09 13:58,-,,2000,4
,yht/,2024-04-25 20:23,-,,2000,4
,univ2000_04.html,2024-04-25 20:23,348K,,2000,4
,,,,,2000,4
,,,,,2000,5
,Parent Directory,,-,,2000,5
,daily_plots/,2019-05-06 20:01,-,,2000,5
,htpng/,2023-03-12 21:09,-,,2000,5
,jsmovies/,2025-06-09 13:58,-,,2000,5
,yht/,2024-04-25 20:25,-,,2000,5
,univ2000_05.html,2024-04-25 20:25,384K,,2000,5
,,,,,2000,5
,,,,,2000,6
,Parent Directory,,-,,2000,6
,daily_plots/,2019-05-06 20:01,-,,2000,6
,htpng/,2023-03-12 21:11,-,,2000,6
,jsmovies/,2025-06-09 13:58,-,,2000,6
,yht/,2024-04-25 20:28,-,,2000,6
,univ2000_06.html,2024-04-25 20:28,396K,,2000,6
,,,,,2000,6
,,,,,2000,7
,Parent Directory,,-,,2000,7
,daily_plots/,2019-05-06 20:01,-,,2000,7
,htpng/,2023-03-12 21:13,-,,2000,7
,jsmovies/,2025-06-09 13:58,-,,2000,7
,yht/,2024-04-25 20:30,-,,2000,7
,univ2000_07.html,2024-04-25 20:30,372K,,2000,7
,,,,,2000,7
,,,,,2000,8
,Parent Directory,,-,,2000,8
,daily_plots/,2019-05-06 20:01,-,,2000,8
,htpng/,2023-03-12 21:14,-,,2000,8
,jsmovies/,2025-06-09 13:58,-,,2000,8
,yht/,2024-04-25 20:32,-,,2000,8
,univ2000_08.html,2024-04-25 20:32,364K,,2000,8
,,,,,2000,8
,,,,,2000,9
,Parent Directory,,-,,2000,9
,daily_plots/,2019-05-06 20:01,-,,2000,9
,htpng/,2023-03-12 21:16,-,,2000,9
,jsmovies/,2025-06-09 13:58,-,,2000,9
,yht/,2024-04-25 20:34,-,,2000,9
,univ2000_09.html,2024-04-25 20:34,359K,,2000,9
,,,,,2000,9
,,,,,2000,10
,Parent Directory,,-,,2000,10
,daily_plots/,2019-05-06 20:01,-,,2000,10
,htpng/,2023-03-12 21:17,-,,2000,10
,jsmovies/,2025-06-09 13:58,-,,2000,10
,yht/,2024-04-25 20:36,-,,2000,10
,univ2000_10.html,2024-04-25 20:36,267K,,2000,10
,,,,,2000,10
,,,,,2000,11
,Parent Directory,,-,,2000,11
,daily_plots/,2019-05-06 20:01,-,,2000,11
,htpng/,2023-03-12 21:19,-,,2000,11
,jsmovies/,2025-06-09 13:58,-,,2000,11
,yht/,2024-04-25 20:38,-,,2000,11
,univ2000_11.html,2024-04-25 20:38,356K,,2000,11
,,,,,2000,11
,,,,,2000,12
,Parent Directory,,-,,2000,12
,daily_plots/,2019-05-06 20:01,-,,2000,12
,htpng/,2023-03-12 21:20,-,,2000,12
,jsmovies/,2025-06-09 13:58,-,,2000,12
,yht/,2024-04-25 20:39,-,,2000,12
,univ2000_12.html,2024-04-25 20:39,245K,,2000,12
,,,,,2000,12
,,,,,2001,1
,Parent Directory,,-,,2001,1
,daily_plots/,2019-05-06 20:01,-,,2001,1
,htpng/,2023-03-12 21:22,-,,2001,1
,jsmovies/,2025-06-09 13:58,-,,2001,1
,yht/,2024-04-25 20:41,-,,2001,1
,univ2001_01.html,2024-04-25 20:41,268K,,2001,1
,,,,,2001,1
,,,,,2001,2
,Parent Directory,,-,,2001,2
,daily_plots/,2019-05-06 20:01,-,,2001,2
,htpng/,2023-03-12 21:23,-,,2001,2
,jsmovies/,2025-06-09 13:58,-,,2001,2
,yht/,2024-04-25 20:43,-,,2001,2
,univ2001_02.html,2024-04-25 20:43,212K,,2001,2
,,,,,2001,2
,,,,,2001,3
,Parent Directory,,-,,2001,3
,daily_plots/,2019-05-06 20:01,-,,2001,3
,htpng/,2023-03-12 21:25,-,,2001,3
,jsmovies/,2025-06-09 13:58,-,,2001,3
,yht/,2024-04-25 20:45,-,,2001,3
,univ2001_03.html,2024-04-25 20:45,404K,,2001,3
,,,,,2001,3
,,,,,2001,4
,Parent Directory,,-,,2001,4
,daily_plots/,2019-05-06 20:01,-,,2001,4
,htpng/,2023-05-06 17:36,-,,2001,4
,jsmovies/,2025-06-09 13:58,-,,2001,4
,yht/,2024-04-25 20:47,-,,2001,4
,univ2001_04.html,2024-04-25 20:47,323K,,2001,4
,,,,,2001,4
,,,,,2001,5
,Parent Directory,,-,,2001,5
,daily_plots/,2019-05-06 20:01,-,,2001,5
,htpng/,2023-03-12 21:28,-,,2001,5
,jsmovies/,2025-06-09 13:58,-,,2001,5
,yht/,2024-04-25 20:49,-,,2001,5
,univ2001_05.html,2024-04-25 20:49,385K,,2001,5
,,,,,2001,5
,,,,,2001,6
,Parent Directory,,-,,2001,6
,daily_plots/,2019-05-06 20:01,-,,2001,6
,htpng/,2023-03-12 21:30,-,,2001,6
,jsmovies/,2025-06-09 13:58,-,,2001,6
,yht/,2024-04-25 20:51,-,,2001,6
,univ2001_06.html,2024-04-25 20:51,312K,,2001,6
,,,,,2001,6
,,,,,2001,7
,Parent Directory,,-,,2001,7
,daily_plots/,2019-05-06 20:01,-,,2001,7
,htpng/,2023-03-12 21:31,-,,2001,7
,jsmovies/,2025-06-09 13:58,-,,2001,7
,yht/,2024-04-25 20:52,-,,2001,7
,univ2001_07.html,2024-04-25 20:52,207K,,2001,7
,,,,,2001,7
,,,,,2001,8
,Parent Directory,,-,,2001,8
,daily_plots/,2019-05-06 20:01,-,,2001,8
,htpng/,2023-03-12 21:32,-,,2001,8
,jsmovies/,2025-06-09 13:58,-,,2001,8
,yht/,2024-04-25 20:54,-,,2001,8
,univ2001_08.html,2024-04-25 20:54,331K,,2001,8
,,,,,2001,8
,,,,,2001,9
,Parent Directory,,-,,2001,9
,daily_plots/,2019-05-06 20:01,-,,2001,9
,htpng/,2023-05-06 17:58,-,,2001,9
,jsmovies/,2025-06-09 13:58,-,,2001,9
,yht/,2024-04-25 20:56,-,,2001,9
,univ2001_09.html,2024-04-25 20:56,377K,,2001,9
,,,,,2001,9
,,,,,2001,10
,Parent Directory,,-,,2001,10
,daily_plots/,2019-05-06 20:01,-,,2001,10
,htpng/,2023-03-12 21:36,-,,2001,10
,jsmovies/,2025-06-09 13:58,-,,2001,10
,yht/,2024-04-25 20:58,-,,2001,10
,univ2001_10.html,2024-04-25 20:58,351K,,2001,10
,,,,,2001,10
,,,,,2001,11
,Parent Directory,,-,,2001,11
,daily_plots/,2019-05-06 20:01,-,,2001,11
,htpng/,2023-03-12 21:37,-,,2001,11
,jsmovies/,2025-06-09 13:58,-,,2001,11
,yht/,2024-04-25 21:00,-,,2001,11
,univ2001_11.html,2024-04-25 21:00,213K,,2001,11
,,,,,2001,11
,,,,,2001,12
,Parent Directory,,-,,2001,12
,daily_plots/,2019-05-06 20:01,-,,2001,12
,htpng/,2023-03-12 21:39,-,,2001,12
,jsmovies/,2025-06-09 13:58,-,,2001,12
,yht/,2024-04-25 21:02,-,,2001,12
,univ2001_12.html,2024-04-25 21:02,314K,,2001,12
,,,,,2001,12
,,,,,2002,1
,Parent Directory,,-,,2002,1
,daily_plots/,2019-05-06 20:01,-,,2002,1
,htpng/,2023-03-12 21:40,-,,2002,1
,jsmovies/,2025-06-09 13:58,-,,2002,1
,yht/,2024-04-25 21:04,-,,2002,1
,univ2002_01.html,2024-04-25 21:04,263K,,2002,1
,,,,,2002,1
,,,,,2002,2
,Parent Directory,,-,,2002,2
,daily_plots/,2019-05-06 20:01,-,,2002,2
,htpng/,2023-03-12 21:41,-,,2002,2
,jsmovies/,2025-06-09 13:58,-,,2002,2
,yht/,2024-04-25 21:05,-,,2002,2
,univ2002_02.html,2024-04-25 21:05,194K,,2002,2
,,,,,2002,2
,,,,,2002,3
,Parent Directory,,-,,2002,3
,daily_plots/,2019-05-06 20:01,-,,2002,3
,htpng/,2023-03-12 21:43,-,,2002,3
,jsmovies/,2025-06-09 13:58,-,,2002,3
,yht/,2024-04-25 21:07,-,,2002,3
,univ2002_03.html,2024-04-25 21:07,368K,,2002,3
,,,,,2002,3
,,,,,2002,4
,Parent Directory,,-,,2002,4
,daily_plots/,2019-05-06 20:01,-,,2002,4
,htpng/,2023-03-12 21:45,-,,2002,4
,jsmovies/,2025-06-09 13:58,-,,2002,4
,yht/,2024-04-25 21:09,-,,2002,4
,univ2002_04.html,2024-04-25 21:09,375K,,2002,4
,,,,,2002,4
,,,,,2002,5
,Parent Directory,,-,,2002,5
,daily_plots/,2019-05-06 20:01,-,,2002,5
,htpng/,2023-03-12 21:47,-,,2002,5
,jsmovies/,2025-06-09 13:58,-,,2002,5
,yht/,2024-04-25 21:12,-,,2002,5
,univ2002_05.html,2024-04-25 21:12,345K,,2002,5
,,,,,2002,5
,,,,,2002,6
,Parent Directory,,-,,2002,6
,daily_plots/,2019-05-06 20:01,-,,2002,6
,htpng/,2023-03-12 21:48,-,,2002,6
,jsmovies/,2025-06-09 13:58,-,,2002,6
,yht/,2024-04-25 21:13,-,,2002,6
,univ2002_06.html,2024-04-25 21:13,208K,,2002,6
,,,,,2002,6
,,,,,2002,7
,Parent Directory,,-,,2002,7
,daily_plots/,2019-05-06 20:01,-,,2002,7
,htpng/,2023-03-12 21:50,-,,2002,7
,jsmovies/,2025-06-09 13:58,-,,2002,7
,yht/,2024-04-25 21:15,-,,2002,7
,univ2002_07.html,2024-04-25 21:15,340K,,2002,7
,,,,,2002,7
,,,,,2002,8
,Parent Directory,,-,,2002,8
,daily_plots/,2019-05-06 20:01,-,,2002,8
,htpng/,2023-03-12 21:51,-,,2002,8
,jsmovies/,2025-06-09 13:58,-,,2002,8
,yht/,2024-04-25 21:17,-,,2002,8
,univ2002_08.html,2024-04-25 21:17,383K,,2002,8
,,,,,2002,8
,,,,,2002,9
,Parent Directory,,-,,2002,9
,daily_plots/,2019-05-06 20:01,-,,2002,9
,htpng/,2023-03-12 21:53,-,,2002,9
,jsmovies/,2025-06-09 13:58,-,,2002,9
,yht/,2024-05-22 18:31,-,,2002,9
,univ2002_09.html,2024-05-22 18:31,357K,,2002,9
,,,,,2002,9
,,,,,2002,10
,Parent Directory,,-,,2002,10
,daily_plots/,2019-05-06 20:01,-,,2002,10
,htpng/,2023-03-12 21:55,-,,2002,10
,jsmovies/,2025-06-09 13:58,-,,2002,10
,yht/,2024-04-25 21:21,-,,2002,10
,univ2002_10.html,2024-04-25 21:21,363K,,2002,10
,,,,,2002,10
,,,,,2002,11
,Parent Directory,,-,,2002,11
,daily_plots/,2019-05-06 20:01,-,,2002,11
,htpng/,2023-03-12 21:56,-,,2002,11
,jsmovies/,2025-06-09 13:58,-,,2002,11
,yht/,2024-04-25 21:23,-,,2002,11
,univ2002_11.html,2024-04-25 21:23,295K,,2002,11
,,,,,2002,11
,,,,,2002,12
,Parent Directory,,-,,2002,12
,daily_plots/,2019-05-06 20:01,-,,2002,12
,htpng/,2023-03-12 21:58,-,,2002,12
,jsmovies/,2025-06-09 13:58,-,,2002,12
,yht/,2024-04-25 21:25,-,,2002,12
,univ2002_12.html,2024-04-25 21:25,195K,,2002,12
,,,,,2002,12
,,,,,2003,1
,Parent Directory,,-,,2003,1
,daily_plots/,2019-05-06 20:01,-,,2003,1
,htpng/,2023-03-12 21:59,-,,2003,1
,jsmovies/,2025-06-09 13:58,-,,2003,1
,yht/,2024-04-25 21:27,-,,2003,1
,univ2003_01.html,2024-04-25 21:27,270K,,2003,1
,,,,,2003,1
,,,,,2003,2
,Parent Directory,,-,,2003,2
,daily_plots/,2019-05-06 20:01,-,,2003,2
,htpng/,2023-03-12 22:00,-,,2003,2
,jsmovies/,2025-06-09 13:58,-,,2003,2
,yht/,2024-04-25 21:28,-,,2003,2
,univ2003_02.html,2024-04-25 21:28,174K,,2003,2
,,,,,2003,2
,,,,,2003,3
,Parent Directory,,-,,2003,3
,daily_plots/,2019-05-06 20:01,-,,2003,3
,htpng/,2023-03-12 22:01,-,,2003,3
,jsmovies/,2025-06-09 13:58,-,,2003,3
,yht/,2024-04-25 21:30,-,,2003,3
,univ2003_03.html,2024-04-25 21:30,231K,,2003,3
,,,,,2003,3
,,,,,2003,4
,Parent Directory,,-,,2003,4
,daily_plots/,2019-05-06 20:01,-,,2003,4
,htpng/,2023-03-12 22:03,-,,2003,4
,jsmovies/,2025-06-09 13:58,-,,2003,4
,yht/,2024-04-25 21:32,-,,2003,4
,univ2003_04.html,2024-04-25 21:32,312K,,2003,4
,,,,,2003,4
,,,,,2003,5
,Parent Directory,,-,,2003,5
,daily_plots/,2019-05-06 20:01,-,,2003,5
,htpng/,2023-03-12 22:04,-,,2003,5
,jsmovies/,2025-06-09 13:58,-,,2003,5
,yht/,2024-04-25 21:33,-,,2003,5
,univ2003_05.html,2024-04-25 21:33,252K,,2003,5
,,,,,2003,5
,,,,,2003,6
,Parent Directory,,-,,2003,6
,daily_plots/,2019-05-06 20:01,-,,2003,6
,htpng/,2023-03-12 22:05,-,,2003,6
,jsmovies/,2025-06-09 13:58,-,,2003,6
,yht/,2024-04-25 21:35,-,,2003,6
,univ2003_06.html,2024-04-25 21:35,153K,,2003,6
,,,,,2003,6
,,,,,2003,7
,Parent Directory,,-,,2003,7
,daily_plots/,2019-05-06 20:01,-,,2003,7
,htpng/,2023-03-12 22:06,-,,2003,7
,jsmovies/,2025-06-09 13:58,-,,2003,7
,yht/,2024-04-25 21:36,-,,2003,7
,univ2003_07.html,2024-04-25 21:36,139K,,2003,7
,,,,,2003,7
,,,,,2003,8
,Parent Directory,,-,,2003,8
,daily_plots/,2019-05-06 20:01,-,,2003,8
,htpng/,2023-03-12 22:08,-,,2003,8
,jsmovies/,2025-06-09 13:58,-,,2003,8
,yht/,2024-04-25 21:37,-,,2003,8
,univ2003_08.html,2024-04-25 21:37,199K,,2003,8
,,,,,2003,8
,,,,,2003,9
,Parent Directory,,-,,2003,9
,daily_plots/,2019-05-06 20:01,-,,2003,9
,htpng/,2023-03-12 22:09,-,,2003,9
,jsmovies/,2025-06-09 13:58,-,,2003,9
,yht/,2024-04-25 21:39,-,,2003,9
,univ2003_09.html,2024-04-25 21:39,175K,,2003,9
,,,,,2003,9
,,,,,2003,10
,Parent Directory,,-,,2003,10
,daily_plots/,2019-05-06 20:01,-,,2003,10
,htpng/,2023-05-06 18:04,-,,2003,10
,jsmovies/,2025-06-09 13:58,-,,2003,10
,yht/,2024-04-25 21:40,-,,2003,10
,univ2003_10.html,2024-04-25 21:40,235K,,2003,10
,,,,,2003,10
,,,,,2003,11
,Parent Directory,,-,,2003,11
,daily_plots/,2019-05-06 20:01,-,,2003,11
,htpng/,2023-03-12 22:11,-,,2003,11
,jsmovies/,2025-06-09 13:58,-,,2003,11
,yht/,2024-04-25 21:42,-,,2003,11
,univ2003_11.html,2024-04-25 21:42,174K,,2003,11
,,,,,2003,11
,,,,,2003,12
,Parent Directory,,-,,2003,12
,daily_plots/,2019-05-06 20:01,-,,2003,12
,htpng/,2023-03-12 22:12,-,,2003,12
,jsmovies/,2025-06-09 13:58,-,,2003,12
,yht/,2024-04-25 21:43,-,,2003,12
,univ2003_12.html,2024-04-25 21:43,142K,,2003,12
,,,,,2003,12
,,,,,2004,1
,Parent Directory,,-,,2004,1
,daily_plots/,2019-05-06 20:01,-,,2004,1
,htpng/,2023-03-12 22:13,-,,2004,1
,jsmovies/,2025-06-09 13:58,-,,2004,1
,yht/,2024-04-25 21:44,-,,2004,1
,univ2004_01.html,2024-04-25 21:44,191K,,2004,1
,,,,,2004,1
,,,,,2004,2
,Parent Directory,,-,,2004,2
,daily_plots/,2019-05-06 20:01,-,,2004,2
,htpng/,2023-03-12 22:15,-,,2004,2
,jsmovies/,2025-06-09 13:58,-,,2004,2
,yht/,2024-04-25 21:46,-,,2004,2
,univ2004_02.html,2024-04-25 21:46,189K,,2004,2
,,,,,2004,2
,,,,,2004,3
,Parent Directory,,-,,2004,3
,daily_plots/,2019-05-06 20:01,-,,2004,3
,htpng/,2023-03-12 22:16,-,,2004,3
,jsmovies/,2025-06-09 13:58,-,,2004,3
,yht/,2024-04-25 21:47,-,,2004,3
,univ2004_03.html,2024-04-25 21:47,183K,,2004,3
,,,,,2004,3
,,,,,2004,4
,Parent Directory,,-,,2004,4
,daily_plots/,2019-05-06 20:01,-,,2004,4
,htpng/,2023-03-12 22:17,-,,2004,4
,jsmovies/,2025-06-09 13:58,-,,2004,4
,yht/,2024-04-25 21:49,-,,2004,4
,univ2004_04.html,2024-04-25 21:49,175K,,2004,4
,,,,,2004,4
,,,,,2004,5
,Parent Directory,,-,,2004,5
,daily_plots/,2019-05-06 20:01,-,,2004,5
,htpng/,2023-03-12 22:18,-,,2004,5
,jsmovies/,2025-06-09 13:58,-,,2004,5
,yht/,2024-04-25 21:51,-,,2004,5
,univ2004_05.html,2024-04-25 21:51,252K,,2004,5
,,,,,2004,5
,,,,,2004,6
,Parent Directory,,-,,2004,6
,daily_plots/,2019-05-06 20:01,-,,2004,6
,htpng/,2023-03-12 22:20,-,,2004,6
,jsmovies/,2025-06-09 13:58,-,,2004,6
,yht/,2024-04-25 21:52,-,,2004,6
,univ2004_06.html,2024-04-25 21:52,189K,,2004,6
,,,,,2004,6
,,,,,2004,7
,Parent Directory,,-,,2004,7
,daily_plots/,2019-05-06 20:01,-,,2004,7
,htpng/,2023-03-12 22:21,-,,2004,7
,jsmovies/,2025-06-09 13:58,-,,2004,7
,yht/,2024-04-25 21:54,-,,2004,7
,univ2004_07.html,2024-04-25 21:54,217K,,2004,7
,,,,,2004,7
,,,,,2004,8
,Parent Directory,,-,,2004,8
,daily_plots/,2019-05-06 20:01,-,,2004,8
,htpng/,2023-03-12 22:22,-,,2004,8
,jsmovies/,2025-06-09 13:58,-,,2004,8
,yht/,2024-04-25 21:55,-,,2004,8
,univ2004_08.html,2024-04-25 21:55,136K,,2004,8
,,,,,2004,8
,,,,,2004,9
,Parent Directory,,-,,2004,9
,daily_plots/,2019-05-06 20:01,-,,2004,9
,htpng/,2023-03-12 22:23,-,,2004,9
,jsmovies/,2025-06-09 13:58,-,,2004,9
,yht/,2024-04-25 21:56,-,,2004,9
,univ2004_09.html,2024-04-25 21:56,113K,,2004,9
,,,,,2004,9
,,,,,2004,10
,Parent Directory,,-,,2004,10
,daily_plots/,2019-05-06 20:01,-,,2004,10
,htpng/,2023-03-12 22:24,-,,2004,10
,jsmovies/,2025-06-09 13:58,-,,2004,10
,yht/,2024-04-25 21:58,-,,2004,10
,univ2004_10.html,2024-04-25 21:58,210K,,2004,10
,,,,,2004,10
,,,,,2004,11
,Parent Directory,,-,,2004,11
,daily_plots/,2019-05-06 20:01,-,,2004,11
,htpng/,2023-03-12 22:25,-,,2004,11
,jsmovies/,2025-06-09 13:58,-,,2004,11
,yht/,2024-04-25 21:59,-,,2004,11
,univ2004_11.html,2024-04-25 21:59,205K,,2004,11
,,,,,2004,11
,,,,,2004,12
,Parent Directory,,-,,2004,12
,daily_plots/,2019-05-06 20:01,-,,2004,12
,htpng/,2023-03-12 22:26,-,,2004,12
,jsmovies/,2025-06-09 13:58,-,,2004,12
,yht/,2024-04-25 22:00,-,,2004,12
,univ2004_12.html,2024-04-25 22:00,146K,,2004,12
,,,,,2004,12
,,,,,2005,1
,Parent Directory,,-,,2005,1
,daily_plots/,2019-05-06 20:01,-,,2005,1
,htpng/,2009-06-02 11:04,-,,2005,1
,jsmovies/,2025-06-09 13:58,-,,2005,1
,yht/,2024-01-02 23:34,-,,2005,1
,gopal2005_icrc.pdf,2009-06-19 05:56,324K,,2005,1
,note_20050120.html,2009-06-19 05:56,696,,2005,1
,univ2005_01.html,2024-01-02 23:34,217K,,2005,1
,,,,,2005,1
,,,,,2005,2
,Parent Directory,,-,,2005,2
,daily_plots/,2019-05-06 20:01,-,,2005,2
,htpng/,2009-06-02 11:13,-,,2005,2
,jsmovies/,2025-06-09 13:58,-,,2005,2
,yht/,2024-01-02 23:35,-,,2005,2
,univ2005_02.html,2024-01-02 23:35,179K,,2005,2
,,,,,2005,2
,,,,,2005,3
,Parent Directory,,-,,2005,3
,daily_plots/,2019-05-06 20:01,-,,2005,3
,htpng/,2009-06-02 11:22,-,,2005,3
,jsmovies/,2025-06-09 13:58,-,,2005,3
,yht/,2024-01-02 23:37,-,,2005,3
,univ2005_03.html,2024-01-02 23:37,180K,,2005,3
,,,,,2005,3
,,,,,2005,4
,Parent Directory,,-,,2005,4
,daily_plots/,2019-05-06 20:01,-,,2005,4
,htpng/,2009-06-02 11:32,-,,2005,4
,jsmovies/,2025-06-09 13:58,-,,2005,4
,yht/,2024-01-02 23:38,-,,2005,4
,univ2005_04.html,2024-01-02 23:38,205K,,2005,4
,,,,,2005,4
,,,,,2005,5
,Parent Directory,,-,,2005,5
,daily_plots/,2019-05-06 20:01,-,,2005,5
,htpng/,2009-06-02 11:45,-,,2005,5
,jsmovies/,2025-06-09 13:58,-,,2005,5
,yht/,2024-01-02 23:40,-,,2005,5
,univ2005_05.html,2024-01-02 23:40,272K,,2005,5
,,,,,2005,5
,,,,,2005,6
,Parent Directory,,-,,2005,6
,daily_plots/,2019-05-06 20:01,-,,2005,6
,htpng/,2009-06-02 11:55,-,,2005,6
,jsmovies/,2025-06-09 13:58,-,,2005,6
,yht/,2024-01-02 23:41,-,,2005,6
,univ2005_06.html,2024-01-02 23:41,191K,,2005,6
,,,,,2005,6
,,,,,2005,7
,Parent Directory,,-,,2005,7
,daily_plots/,2019-05-06 20:01,-,,2005,7
,htpng/,2009-06-02 12:08,-,,2005,7
,jsmovies/,2025-06-09 13:58,-,,2005,7
,yht/,2024-01-02 23:43,-,,2005,7
,univ2005_07.html,2024-01-02 23:43,279K,,2005,7
,,,,,2005,7
,,,,,2005,8
,Parent Directory,,-,,2005,8
,daily_plots/,2019-05-06 20:01,-,,2005,8
,htpng/,2009-06-02 12:19,-,,2005,8
,jsmovies/,2025-06-09 13:58,-,,2005,8
,yht/,2024-01-02 23:45,-,,2005,8
,univ2005_08.html,2024-01-02 23:45,235K,,2005,8
,,,,,2005,8
,,,,,2005,9
,Parent Directory,,-,,2005,9
,daily_plots/,2019-05-06 20:01,-,,2005,9
,htpng/,2009-05-19 22:04,-,,2005,9
,jsmovies/,2025-06-09 13:58,-,,2005,9
,yht/,2024-01-02 23:46,-,,2005,9
,univ2005_09.html,2024-01-02 23:46,152K,,2005,9
,,,,,2005,9
,,,,,2005,10
,Parent Directory,,-,,2005,10
,daily_plots/,2019-05-06 20:01,-,,2005,10
,htpng/,2009-06-02 12:35,-,,2005,10
,jsmovies/,2025-06-09 13:58,-,,2005,10
,yht/,2024-01-02 23:47,-,,2005,10
,univ2005_10.html,2024-01-02 23:47,146K,,2005,10
,,,,,2005,10
,,,,,2005,11
,Parent Directory,,-,,2005,11
,daily_plots/,2019-05-06 20:01,-,,2005,11
,htpng/,2009-06-02 12:42,-,,2005,11
,jsmovies/,2025-06-09 13:58,-,,2005,11
,yht/,2024-01-02 23:49,-,,2005,11
,univ2005_11.html,2024-01-02 23:49,141K,,2005,11
,,,,,2005,11
,,,,,2005,12
,Parent Directory,,-,,2005,12
,daily_plots/,2019-05-06 20:01,-,,2005,12
,htpng/,2009-06-02 12:52,-,,2005,12
,jsmovies/,2025-06-09 13:58,-,,2005,12
,yht/,2024-01-02 23:50,-,,2005,12
,univ2005_12.html,2024-01-02 23:50,198K,,2005,12
,,,,,2005,12
,,,,,2006,1
,Parent Directory,,-,,2006,1
,daily_plots/,2019-05-06 20:01,-,,2006,1
,htpng/,2009-06-02 13:03,-,,2006,1
,jsmovies/,2025-06-09 13:58,-,,2006,1
,yht/,2024-01-02 23:52,-,,2006,1
,univ2006_01.html,2024-01-02 23:52,198K,,2006,1
,,,,,2006,1
,,,,,2006,2
,Parent Directory,,-,,2006,2
,daily_plots/,2019-05-06 20:01,-,,2006,2
,htpng/,2009-06-02 13:10,-,,2006,2
,jsmovies/,2025-06-09 13:58,-,,2006,2
,yht/,2024-01-02 23:53,-,,2006,2
,univ2006_02.html,2024-01-02 23:53,138K,,2006,2
,,,,,2006,2
,,,,,2006,3
,Parent Directory,,-,,2006,3
,daily_plots/,2019-05-06 20:01,-,,2006,3
,htpng/,2009-06-02 13:16,-,,2006,3
,jsmovies/,2025-06-09 13:58,-,,2006,3
,yht/,2024-01-02 23:54,-,,2006,3
,univ2006_03.html,2024-01-02 23:54,90K,,2006,3
,,,,,2006,3
,,,,,2006,4
,Parent Directory,,-,,2006,4
,daily_plots/,2019-05-06 20:01,-,,2006,4
,htpng/,2009-06-02 13:24,-,,2006,4
,jsmovies/,2025-06-09 13:58,-,,2006,4
,yht/,2024-01-02 23:55,-,,2006,4
,univ2006_04.html,2024-01-02 23:55,156K,,2006,4
,,,,,2006,4
,,,,,2006,5
,Parent Directory,,-,,2006,5
,daily_plots/,2019-05-06 20:01,-,,2006,5
,htpng/,2009-06-02 13:35,-,,2006,5
,jsmovies/,2025-06-09 13:58,-,,2006,5
,yht/,2024-01-02 23:57,-,,2006,5
,univ2006_05.html,2024-01-02 23:57,210K,,2006,5
,,,,,2006,5
,,,,,2006,6
,Parent Directory,,-,,2006,6
,daily_plots/,2019-05-06 20:01,-,,2006,6
,htpng/,2009-06-02 13:43,-,,2006,6
,jsmovies/,2025-06-09 13:58,-,,2006,6
,yht/,2024-01-02 23:58,-,,2006,6
,univ2006_06.html,2024-01-02 23:58,155K,,2006,6
,,,,,2006,6
,,,,,2006,7
,Parent Directory,,-,,2006,7
,daily_plots/,2019-05-06 20:01,-,,2006,7
,htpng/,2009-06-02 13:55,-,,2006,7
,jsmovies/,2025-06-09 13:58,-,,2006,7
,yht/,2024-01-03 00:00,-,,2006,7
,univ2006_07.html,2024-01-03 00:00,243K,,2006,7
,,,,,2006,7
,,,,,2006,8
,Parent Directory,,-,,2006,8
,daily_plots/,2019-05-06 20:01,-,,2006,8
,htpng/,2009-06-02 14:05,-,,2006,8
,jsmovies/,2025-06-09 13:58,-,,2006,8
,yht/,2024-01-03 00:01,-,,2006,8
,univ2006_08.html,2024-01-03 00:01,192K,,2006,8
,,,,,2006,8
,,,,,2006,9
,Parent Directory,,-,,2006,9
,daily_plots/,2019-05-06 20:01,-,,2006,9
,htpng/,2009-06-02 14:16,-,,2006,9
,jsmovies/,2025-06-09 13:58,-,,2006,9
,yht/,2024-01-03 00:03,-,,2006,9
,univ2006_09.html,2024-01-03 00:03,208K,,2006,9
,,,,,2006,9
,,,,,2006,10
,Parent Directory,,-,,2006,10
,daily_plots/,2019-05-06 20:01,-,,2006,10
,htpng/,2009-06-02 14:23,-,,2006,10
,jsmovies/,2025-06-09 13:58,-,,2006,10
,yht/,2024-01-03 00:04,-,,2006,10
,univ2006_10.html,2024-01-03 00:04,137K,,2006,10
,,,,,2006,10
,,,,,2006,11
,Parent Directory,,-,,2006,11
,daily_plots/,2019-05-06 20:01,-,,2006,11
,htpng/,2009-06-02 14:33,-,,2006,11
,jsmovies/,2025-06-09 13:58,-,,2006,11
,yht/,2024-01-03 00:05,-,,2006,11
,univ2006_11.html,2024-01-03 00:05,178K,,2006,11
,,,,,2006,11
,,,,,2006,12
,Parent Directory,,-,,2006,12
,daily_plots/,2019-05-06 20:01,-,,2006,12
,htpng/,2009-06-02 14:39,-,,2006,12
,jsmovies/,2025-06-09 13:58,-,,2006,12
,yht/,2024-01-03 00:07,-,,2006,12
,univ2006_12.html,2024-01-03 00:07,105K,,2006,12
,,,,,2006,12
,,,,,2007,1
,Parent Directory,,-,,2007,1
,daily_plots/,2019-05-06 20:01,-,,2007,1
,htpng/,2009-06-02 14:49,-,,2007,1
,jsmovies/,2025-06-09 13:58,-,,2007,1
,yht/,2024-01-03 00:08,-,,2007,1
,univ2007_01.html,2024-01-03 00:08,204K,,2007,1
,,,,,2007,1
,,,,,2007,2
,Parent Directory,,-,,2007,2
,daily_plots/,2019-05-06 20:01,-,,2007,2
,htpng/,2009-06-02 14:59,-,,2007,2
,jsmovies/,2025-06-09 13:58,-,,2007,2
,yht/,2024-01-03 00:09,-,,2007,2
,univ2007_02.html,2024-01-03 00:09,164K,,2007,2
,,,,,2007,2
,,,,,2007,3
,Parent Directory,,-,,2007,3
,daily_plots/,2019-05-06 20:01,-,,2007,3
,htpng/,2009-06-02 15:11,-,,2007,3
,jsmovies/,2025-06-09 13:58,-,,2007,3
,yht/,2024-01-03 00:11,-,,2007,3
,univ2007_03.html,2024-01-03 00:11,243K,,2007,3
,,,,,2007,3
,,,,,2007,4
,Parent Directory,,-,,2007,4
,daily_plots/,2019-05-06 20:01,-,,2007,4
,htpng/,2009-06-02 15:26,-,,2007,4
,jsmovies/,2025-06-09 13:58,-,,2007,4
,yht/,2024-01-03 00:13,-,,2007,4
,univ2007_04.html,2024-01-03 00:13,311K,,2007,4
,,,,,2007,4
,,,,,2007,5
,Parent Directory,,-,,2007,5
,daily_plots/,2019-05-06 20:01,-,,2007,5
,htpng/,2009-06-02 15:39,-,,2007,5
,jsmovies/,2025-06-09 13:58,-,,2007,5
,yht/,2024-01-03 00:14,-,,2007,5
,univ2007_05.html,2024-01-03 00:14,262K,,2007,5
,,,,,2007,5
,,,,,2007,6
,Parent Directory,,-,,2007,6
,daily_plots/,2019-05-06 20:01,-,,2007,6
,htpng/,2009-06-02 15:54,-,,2007,6
,jsmovies/,2025-06-09 13:58,-,,2007,6
,yht/,2024-01-03 00:16,-,,2007,6
,univ2007_06.html,2024-01-03 00:16,299K,,2007,6
,,,,,2007,6
,,,,,2007,7
,Parent Directory,,-,,2007,7
,daily_plots/,2019-05-06 20:01,-,,2007,7
,htpng/,2009-06-02 16:08,-,,2007,7
,jsmovies/,2025-06-09 13:58,-,,2007,7
,yht/,2024-01-03 00:18,-,,2007,7
,univ2007_07.html,2024-01-03 00:18,273K,,2007,7
,,,,,2007,7
,,,,,2007,8
,Parent Directory,,-,,2007,8
,daily_plots/,2019-05-06 20:01,-,,2007,8
,htpng/,2009-06-02 16:19,-,,2007,8
,jsmovies/,2025-06-09 13:58,-,,2007,8
,yht/,2024-01-03 00:20,-,,2007,8
,univ2007_08.html,2024-01-03 00:20,226K,,2007,8
,,,,,2007,8
,,,,,2007,9
,Parent Directory,,-,,2007,9
,daily_plots/,2019-05-06 20:01,-,,2007,9
,htpng/,2009-06-02 16:30,-,,2007,9
,jsmovies/,2025-06-09 13:58,-,,2007,9
,yht/,2024-01-03 00:21,-,,2007,9
,univ2007_09.html,2024-01-03 00:21,229K,,2007,9
,,,,,2007,9
,,,,,2007,10
,Parent Directory,,-,,2007,10
,daily_plots/,2019-05-06 20:01,-,,2007,10
,htpng/,2009-06-02 16:41,-,,2007,10
,jsmovies/,2025-06-09 13:58,-,,2007,10
,yht/,2024-01-03 00:23,-,,2007,10
,univ2007_10.html,2024-01-03 00:23,198K,,2007,10
,,,,,2007,10
,,,,,2007,11
,Parent Directory,,-,,2007,11
,daily_plots/,2019-05-06 20:01,-,,2007,11
,htpng/,2009-06-02 16:49,-,,2007,11
,jsmovies/,2025-06-09 13:58,-,,2007,11
,yht/,2024-01-03 00:24,-,,2007,11
,univ2007_11.html,2024-01-03 00:24,149K,,2007,11
,,,,,2007,11
,,,,,2007,12
,Parent Directory,,-,,2007,12
,daily_plots/,2019-05-06 20:01,-,,2007,12
,htpng/,2009-06-02 17:00,-,,2007,12
,jsmovies/,2025-06-09 13:58,-,,2007,12
,yht/,2024-01-03 00:26,-,,2007,12
,univ2007_12.html,2024-01-03 00:26,223K,,2007,12
,,,,,2007,12
,,,,,2008,1
,Parent Directory,,-,,2008,1
,daily_plots/,2019-05-06 20:01,-,,2008,1
,htpng/,2009-06-02 17:09,-,,2008,1
,jsmovies/,2025-06-09 13:58,-,,2008,1
,yht/,2024-01-03 00:27,-,,2008,1
,univ2008_01.html,2024-01-03 00:27,189K,,2008,1
,,,,,2008,1
,,,,,2008,2
,Parent Directory,,-,,2008,2
,daily_plots/,2019-05-06 20:01,-,,2008,2
,htpng/,2009-06-02 17:16,-,,2008,2
,jsmovies/,2025-06-09 13:58,-,,2008,2
,yht/,2024-01-03 00:29,-,,2008,2
,univ2008_02.html,2024-01-03 00:29,126K,,2008,2
,,,,,2008,2
,,,,,2008,3
,Parent Directory,,-,,2008,3
,daily_plots/,2019-05-06 20:01,-,,2008,3
,htpng/,2009-06-02 17:26,-,,2008,3
,jsmovies/,2025-06-09 13:58,-,,2008,3
,yht/,2024-01-03 00:30,-,,2008,3
,univ2008_03.html,2024-01-03 00:30,194K,,2008,3
,,,,,2008,3
,,,,,2008,4
,Parent Directory,,-,,2008,4
,daily_plots/,2019-05-06 20:01,-,,2008,4
,htpng/,2009-06-02 17:35,-,,2008,4
,jsmovies/,2025-06-09 13:58,-,,2008,4
,yht/,2024-01-03 00:31,-,,2008,4
,univ2008_04.html,2024-01-03 00:31,156K,,2008,4
,,,,,2008,4
,,,,,2008,5
,Parent Directory,,-,,2008,5
,daily_plots/,2019-05-06 20:01,-,,2008,5
,htpng/,2009-06-02 17:43,-,,2008,5
,jsmovies/,2025-06-09 13:58,-,,2008,5
,yht/,2024-01-03 00:33,-,,2008,5
,univ2008_05.html,2024-01-03 00:33,142K,,2008,5
,,,,,2008,5
,,,,,2008,6
,Parent Directory,,-,,2008,6
,daily_plots/,2019-05-06 20:01,-,,2008,6
,htpng/,2009-06-02 17:50,-,,2008,6
,jsmovies/,2025-06-09 13:58,-,,2008,6
,yht/,2024-01-03 00:34,-,,2008,6
,univ2008_06.html,2024-01-03 00:34,137K,,2008,6
,,,,,2008,6
,,,,,2008,7
,Parent Directory,,-,,2008,7
,daily_plots/,2019-05-06 20:01,-,,2008,7
,htpng/,2009-06-02 17:58,-,,2008,7
,jsmovies/,2025-06-09 13:58,-,,2008,7
,yht/,2024-01-03 00:35,-,,2008,7
,univ2008_07.html,2024-01-03 00:35,148K,,2008,7
,,,,,2008,7
,,,,,2008,8
,Parent Directory,,-,,2008,8
,daily_plots/,2019-05-06 20:01,-,,2008,8
,htpng/,2009-06-02 18:05,-,,2008,8
,jsmovies/,2025-06-09 13:58,-,,2008,8
,yht/,2024-01-03 00:36,-,,2008,8
,univ2008_08.html,2024-01-03 00:36,101K,,2008,8
,,,,,2008,8
,,,,,2008,9
,Parent Directory,,-,,2008,9
,daily_plots/,2019-05-06 20:01,-,,2008,9
,htpng/,2009-06-02 18:11,-,,2008,9
,jsmovies/,2025-06-09 13:58,-,,2008,9
,yht/,2024-01-03 00:37,-,,2008,9
,univ2008_09.html,2024-01-03 00:37,110K,,2008,9
,,,,,2008,9
,,,,,2008,10
,Parent Directory,,-,,2008,10
,daily_plots/,2019-05-06 20:01,-,,2008,10
,htpng/,2009-06-02 18:19,-,,2008,10
,jsmovies/,2025-06-09 13:58,-,,2008,10
,yht/,2024-01-03 00:39,-,,2008,10
,univ2008_10.html,2024-01-03 00:39,131K,,2008,10
,,,,,2008,10
,,,,,2008,11
,Parent Directory,,-,,2008,11
,daily_plots/,2019-05-06 20:01,-,,2008,11
,htpng/,2009-05-05 13:06,-,,2008,11
,jsmovies/,2025-06-09 13:58,-,,2008,11
,yht/,2024-01-03 00:40,-,,2008,11
,univ2008_11.html,2024-01-03 00:40,112K,,2008,11
,,,,,2008,11
,,,,,2008,12
,Parent Directory,,-,,2008,12
,daily_plots/,2019-05-06 20:01,-,,2008,12
,htpng/,2009-05-05 13:10,-,,2008,12
,jsmovies/,2025-06-09 13:58,-,,2008,12
,yht/,2024-01-03 00:41,-,,2008,12
,univ2008_12.html,2024-01-03 00:41,137K,,2008,12
,,,,,2008,12
,,,,,2009,1
,Parent Directory,,-,,2009,1
,daily_plots/,2019-05-06 20:01,-,,2009,1
,htpng/,2009-05-15 18:48,-,,2009,1
,jsmovies/,2025-06-09 13:58,-,,2009,1
,yht/,2024-01-03 00:42,-,,2009,1
,univ2009_01.html,2024-01-03 00:42,122K,,2009,1
,,,,,2009,1
,,,,,2009,2
,Parent Directory,,-,,2009,2
,daily_plots/,2019-05-06 20:01,-,,2009,2
,htpng/,2009-06-09 15:23,-,,2009,2
,jsmovies/,2025-06-09 13:58,-,,2009,2
,yht/,2024-01-03 00:43,-,,2009,2
,univ2009_02.html,2024-01-03 00:43,95K,,2009,2
,,,,,2009,2
,,,,,2009,3
,Parent Directory,,-,,2009,3
,daily_plots/,2019-05-06 20:01,-,,2009,3
,htpng/,2009-06-23 09:19,-,,2009,3
,jsmovies/,2025-06-09 13:58,-,,2009,3
,yht/,2024-01-03 00:44,-,,2009,3
,univ2009_03.html,2024-01-03 00:44,118K,,2009,3
,,,,,2009,3
,,,,,2009,4
,Parent Directory,,-,,2009,4
,daily_plots/,2019-05-06 20:01,-,,2009,4
,htpng/,2009-07-29 14:54,-,,2009,4
,jsmovies/,2025-06-09 13:58,-,,2009,4
,yht/,2024-01-03 00:46,-,,2009,4
,univ2009_04.html,2024-01-03 00:46,118K,,2009,4
,,,,,2009,4
,,,,,2009,5
,Parent Directory,,-,,2009,5
,daily_plots/,2019-05-06 20:01,-,,2009,5
,htpng/,2009-08-28 22:06,-,,2009,5
,jsmovies/,2025-06-09 13:58,-,,2009,5
,yht/,2024-01-03 00:47,-,,2009,5
,univ2009_05.html,2024-01-03 00:47,92K,,2009,5
,,,,,2009,5
,,,,,2009,6
,Parent Directory,,-,,2009,6
,daily_plots/,2019-05-06 20:01,-,,2009,6
,htpng/,2009-11-05 16:43,-,,2009,6
,jsmovies/,2025-06-09 13:58,-,,2009,6
,yht/,2024-01-03 00:48,-,,2009,6
,univ2009_06.html,2024-01-03 00:48,141K,,2009,6
,,,,,2009,6
,,,,,2009,7
,Parent Directory,,-,,2009,7
,daily_plots/,2019-05-06 20:01,-,,2009,7
,htpng/,2009-11-05 20:12,-,,2009,7
,jsmovies/,2025-06-09 13:58,-,,2009,7
,yht/,2024-01-03 00:49,-,,2009,7
,univ2009_07.html,2024-01-03 00:49,92K,,2009,7
,,,,,2009,7
,,,,,2009,8
,Parent Directory,,-,,2009,8
,daily_plots/,2019-05-06 20:01,-,,2009,8
,htpng/,2010-03-11 22:08,-,,2009,8
,jsmovies/,2025-06-09 13:58,-,,2009,8
,yht/,2024-01-03 00:50,-,,2009,8
,univ2009_08.html,2024-01-03 00:50,91K,,2009,8
,,,,,2009,8
,,,,,2009,9
,Parent Directory,,-,,2009,9
,daily_plots/,2019-05-06 20:01,-,,2009,9
,htpng/,2010-03-11 22:18,-,,2009,9
,jsmovies/,2025-06-09 13:58,-,,2009,9
,yht/,2024-01-03 00:51,-,,2009,9
,univ2009_09.html,2024-01-03 00:51,208K,,2009,9
,,,,,2009,9
,,,,,2009,10
,Parent Directory,,-,,2009,10
,daily_plots/,2019-05-06 20:01,-,,2009,10
,htpng/,2010-03-18 19:29,-,,2009,10
,jsmovies/,2025-06-09 13:58,-,,2009,10
,yht/,2024-01-03 00:53,-,,2009,10
,univ2009_10.html,2024-01-03 00:53,127K,,2009,10
,,,,,2009,10
,,,,,2009,11
,Parent Directory,,-,,2009,11
,daily_plots/,2019-05-06 20:01,-,,2009,11
,htpng/,2010-04-16 15:34,-,,2009,11
,jsmovies/,2025-06-09 13:58,-,,2009,11
,yht/,2024-01-03 00:54,-,,2009,11
,univ2009_11.html,2024-01-03 00:54,100K,,2009,11
,,,,,2009,11
,,,,,2009,12
,Parent Directory,,-,,2009,12
,daily_plots/,2019-05-06 20:01,-,,2009,12
,htpng/,2010-04-16 15:42,-,,2009,12
,jsmovies/,2025-06-09 13:58,-,,2009,12
,yht/,2024-01-03 00:55,-,,2009,12
,univ2009_12.html,2024-01-03 00:55,150K,,2009,12
,,,,,2009,12
,,,,,2010,1
,Parent Directory,,-,,2010,1
,daily_plots/,2019-05-06 20:01,-,,2010,1
,htpng/,2010-11-22 15:08,-,,2010,1
,jsmovies/,2025-06-09 13:58,-,,2010,1
,yht/,2024-01-03 00:56,-,,2010,1
,univ2010_01.html,2024-01-03 00:56,124K,,2010,1
,,,,,2010,1
,,,,,2010,2
,Parent Directory,,-,,2010,2
,daily_plots/,2019-05-06 20:01,-,,2010,2
,htpng/,2010-08-03 00:09,-,,2010,2
,jsmovies/,2025-06-09 13:58,-,,2010,2
,yht/,2024-01-03 00:58,-,,2010,2
,univ2010_02.html,2024-01-03 00:58,148K,,2010,2
,,,,,2010,2
,,,,,2010,3
,Parent Directory,,-,,2010,3
,daily_plots/,2019-05-06 20:01,-,,2010,3
,htpng/,2010-08-03 00:34,-,,2010,3
,jsmovies/,2025-06-09 13:58,-,,2010,3
,yht/,2024-01-03 00:59,-,,2010,3
,univ2010_03.html,2024-01-03 00:59,177K,,2010,3
,,,,,2010,3
,,,,,2010,4
,Parent Directory,,-,,2010,4
,daily_plots/,2019-05-06 20:01,-,,2010,4
,htpng/,2010-08-03 00:56,-,,2010,4
,jsmovies/,2025-06-09 13:58,-,,2010,4
,yht/,2024-01-03 01:00,-,,2010,4
,univ2010_04.html,2024-01-03 01:00,167K,,2010,4
,,,,,2010,4
,,,,,2010,5
,Parent Directory,,-,,2010,5
,daily_plots/,2019-05-06 20:01,-,,2010,5
,htpng/,2010-10-15 13:52,-,,2010,5
,jsmovies/,2025-06-09 13:58,-,,2010,5
,yht/,2024-01-03 01:02,-,,2010,5
,univ2010_05.html,2024-01-03 01:02,192K,,2010,5
,,,,,2010,5
,,,,,2010,6
,Parent Directory,,-,,2010,6
,daily_plots/,2019-05-06 20:01,-,,2010,6
,htpng/,2010-10-15 19:14,-,,2010,6
,jsmovies/,2025-06-09 13:58,-,,2010,6
,yht/,2024-01-03 01:03,-,,2010,6
,univ2010_06.html,2024-01-03 01:03,196K,,2010,6
,,,,,2010,6
,,,,,2010,7
,Parent Directory,,-,,2010,7
,daily_plots/,2019-05-06 20:01,-,,2010,7
,htpng/,2010-11-30 19:35,-,,2010,7
,jsmovies/,2025-06-09 13:58,-,,2010,7
,yht/,2024-01-03 01:05,-,,2010,7
,univ2010_07.html,2024-01-03 01:05,181K,,2010,7
,,,,,2010,7
,,,,,2010,8
,Parent Directory,,-,,2010,8
,daily_plots/,2019-05-06 20:01,-,,2010,8
,htpng/,2011-02-15 22:13,-,,2010,8
,jsmovies/,2025-06-09 13:58,-,,2010,8
,yht/,2024-01-03 01:06,-,,2010,8
,univ2010_08.html,2024-01-03 01:06,158K,,2010,8
,,,,,2010,8
,,,,,2010,9
,Parent Directory,,-,,2010,9
,daily_plots/,2019-05-06 20:01,-,,2010,9
,htpng/,2011-04-06 13:54,-,,2010,9
,jsmovies/,2025-06-09 13:58,-,,2010,9
,yht/,2024-01-03 01:08,-,,2010,9
,univ2010_09.html,2024-01-03 01:08,143K,,2010,9
,,,,,2010,9
,,,,,2010,10
,Parent Directory,,-,,2010,10
,daily_plots/,2019-05-06 20:01,-,,2010,10
,htpng/,2011-04-19 14:39,-,,2010,10
,jsmovies/,2025-06-09 13:58,-,,2010,10
,yht/,2024-01-03 01:09,-,,2010,10
,univ2010_10.html,2024-01-03 01:09,145K,,2010,10
,,,,,2010,10
,,,,,2010,11
,Parent Directory,,-,,2010,11
,daily_plots/,2019-05-06 20:01,-,,2010,11
,htpng/,2011-06-22 15:54,-,,2010,11
,jsmovies/,2025-06-09 13:58,-,,2010,11
,yht/,2024-01-03 01:11,-,,2010,11
,univ2010_11.html,2024-01-03 01:11,265K,,2010,11
,,,,,2010,11
,,,,,2010,12
,Parent Directory,,-,,2010,12
,daily_plots/,2019-05-06 20:01,-,,2010,12
,htpng/,2011-06-22 16:04,-,,2010,12
,jsmovies/,2025-06-09 13:58,-,,2010,12
,yht/,2024-01-03 01:12,-,,2010,12
,univ2010_12.html,2024-01-03 01:12,225K,,2010,12
,,,,,2010,12
,,,,,2011,1
,Parent Directory,,-,,2011,1
,daily_plots/,2019-05-06 20:01,-,,2011,1
,htpng/,2011-09-30 18:46,-,,2011,1
,jsmovies/,2025-06-09 13:58,-,,2011,1
,yht/,2024-01-03 01:14,-,,2011,1
,univ2011_01.html,2024-01-03 01:14,156K,,2011,1
,,,,,2011,1
,,,,,2011,2
,Parent Directory,,-,,2011,2
,daily_plots/,2019-05-06 20:01,-,,2011,2
,htpng/,2011-09-30 18:51,-,,2011,2
,jsmovies/,2025-06-09 13:58,-,,2011,2
,yht/,2024-01-03 01:15,-,,2011,2
,univ2011_02.html,2024-01-03 01:15,165K,,2011,2
,,,,,2011,2
,,,,,2011,3
,Parent Directory,,-,,2011,3
,daily_plots/,2019-05-06 20:01,-,,2011,3
,htpng/,2012-03-29 21:15,-,,2011,3
,jsmovies/,2025-06-09 13:58,-,,2011,3
,yht/,2024-01-03 01:17,-,,2011,3
,univ2011_03.html,2024-01-03 01:17,329K,,2011,3
,,,,,2011,3
,,,,,2011,4
,Parent Directory,,-,,2011,4
,daily_plots/,2019-05-06 20:01,-,,2011,4
,htpng/,2011-10-05 21:46,-,,2011,4
,jsmovies/,2025-06-09 13:58,-,,2011,4
,yht/,2024-01-03 01:20,-,,2011,4
,univ2011_04.html,2024-01-03 01:20,377K,,2011,4
,,,,,2011,4
,,,,,2011,5
,Parent Directory,,-,,2011,5
,daily_plots/,2019-05-06 20:01,-,,2011,5
,htpng/,2011-10-31 18:22,-,,2011,5
,jsmovies/,2025-06-09 13:58,-,,2011,5
,yht/,2024-01-03 01:22,-,,2011,5
,univ2011_05.html,2024-01-03 01:22,371K,,2011,5
,,,,,2011,5
,,,,,2011,6
,Parent Directory,,-,,2011,6
,daily_plots/,2019-05-06 20:01,-,,2011,6
,htpng/,2011-10-05 22:07,-,,2011,6
,jsmovies/,2025-06-09 13:58,-,,2011,6
,yht/,2024-01-03 01:25,-,,2011,6
,univ2011_06.html,2024-01-03 01:25,344K,,2011,6
,,,,,2011,6
,,,,,2011,7
,Parent Directory,,-,,2011,7
,daily_plots/,2019-05-06 20:01,-,,2011,7
,htpng/,2011-12-27 21:33,-,,2011,7
,jsmovies/,2025-06-09 13:58,-,,2011,7
,yht/,2024-01-03 01:27,-,,2011,7
,univ2011_07.html,2024-01-03 01:27,258K,,2011,7
,,,,,2011,7
,,,,,2011,8
,Parent Directory,,-,,2011,8
,daily_plots/,2019-05-06 20:01,-,,2011,8
,htpng/,2012-01-04 22:23,-,,2011,8
,jsmovies/,2025-06-09 13:58,-,,2011,8
,yht/,2024-01-03 01:28,-,,2011,8
,univ2011_08.html,2024-01-03 01:28,251K,,2011,8
,,,,,2011,8
,,,,,2011,9
,Parent Directory,,-,,2011,9
,daily_plots/,2019-05-06 20:01,-,,2011,9
,htpng/,2012-01-09 19:33,-,,2011,9
,jsmovies/,2025-06-09 13:58,-,,2011,9
,yht/,2024-01-03 01:31,-,,2011,9
,univ2011_09.html,2024-01-03 01:31,349K,,2011,9
,,,,,2011,9
,,,,,2011,10
,Parent Directory,,-,,2011,10
,daily_plots/,2019-05-06 20:01,-,,2011,10
,htpng/,2024-02-04 18:02,-,,2011,10
,jsmovies/,2025-06-09 13:58,-,,2011,10
,yht/,2024-02-04 18:02,-,,2011,10
,univ2011_10.html,2024-02-04 18:02,418K,,2011,10
,,,,,2011,10
,,,,,2011,11
,Parent Directory,,-,,2011,11
,daily_plots/,2019-05-06 20:01,-,,2011,11
,htpng/,2012-04-23 17:54,-,,2011,11
,jsmovies/,2025-06-09 13:58,-,,2011,11
,yht/,2024-01-03 01:36,-,,2011,11
,univ2011_11.html,2024-01-03 01:36,327K,,2011,11
,,,,,2011,11
,,,,,2011,12
,Parent Directory,,-,,2011,12
,daily_plots/,2019-05-06 20:01,-,,2011,12
,htpng/,2017-05-22 18:06,-,,2011,12
,jsmovies/,2025-06-09 13:58,-,,2011,12
,yht/,2024-01-03 01:38,-,,2011,12
,univ2011_12.html,2024-01-03 01:38,318K,,2011,12
,,,,,2011,12
,,,,,2012,1
,Parent Directory,,-,,2012,1
,daily_plots/,2019-05-06 20:01,-,,2012,1
,htpng/,2012-10-26 18:42,-,,2012,1
,jsmovies/,2025-06-09 13:58,-,,2012,1
,yht/,2024-01-03 01:40,-,,2012,1
,univ2012_01.html,2024-01-03 01:40,285K,,2012,1
,,,,,2012,1
,,,,,2012,2
,Parent Directory,,-,,2012,2
,daily_plots/,2019-05-06 20:01,-,,2012,2
,htpng/,2012-08-27 19:12,-,,2012,2
,jsmovies/,2025-06-09 13:58,-,,2012,2
,yht/,2024-01-03 01:42,-,,2012,2
,univ2012_02.html,2024-01-03 01:42,218K,,2012,2
,,,,,2012,2
,,,,,2012,3
,Parent Directory,,-,,2012,3
,daily_plots/,2019-05-06 20:01,-,,2012,3
,htpng/,2013-04-05 15:48,-,,2012,3
,jsmovies/,2025-06-09 13:58,-,,2012,3
,yht/,2024-01-03 01:44,-,,2012,3
,univ2012_03.html,2024-01-03 01:44,281K,,2012,3
,,,,,2012,3
,,,,,2012,4
,Parent Directory,,-,,2012,4
,daily_plots/,2019-05-06 20:01,-,,2012,4
,htpng/,2013-11-06 20:41,-,,2012,4
,jsmovies/,2025-06-09 13:58,-,,2012,4
,yht/,2024-01-03 01:46,-,,2012,4
,univ2012_04.html,2024-01-03 01:46,317K,,2012,4
,,,,,2012,4
,,,,,2012,5
,Parent Directory,,-,,2012,5
,daily_plots/,2019-05-06 20:01,-,,2012,5
,htpng/,2012-09-25 15:29,-,,2012,5
,jsmovies/,2025-06-09 13:58,-,,2012,5
,yht/,2024-01-03 01:48,-,,2012,5
,univ2012_05.html,2024-01-03 01:48,302K,,2012,5
,,,,,2012,5
,,,,,2012,6
,Parent Directory,,-,,2012,6
,daily_plots/,2019-05-06 20:01,-,,2012,6
,htpng/,2013-01-10 21:22,-,,2012,6
,jsmovies/,2025-06-09 13:58,-,,2012,6
,yht/,2024-01-03 01:51,-,,2012,6
,univ2012_06.html,2024-01-03 01:51,420K,,2012,6
,,,,,2012,6
,,,,,2012,7
,Parent Directory,,-,,2012,7
,daily_plots/,2019-05-06 20:01,-,,2012,7
,htpng/,2018-04-23 18:28,-,,2012,7
,jsmovies/,2025-06-09 13:58,-,,2012,7
,yht/,2024-01-03 01:53,-,,2012,7
,univ2012_07.html,2024-01-03 01:53,442K,,2012,7
,,,,,2012,7
,,,,,2012,8
,Parent Directory,,-,,2012,8
,daily_plots/,2019-05-06 20:01,-,,2012,8
,htpng/,2013-02-08 22:07,-,,2012,8
,jsmovies/,2025-06-09 13:58,-,,2012,8
,yht/,2024-01-03 01:56,-,,2012,8
,univ2012_08.html,2024-01-03 01:56,373K,,2012,8
,,,,,2012,8
,,,,,2012,9
,Parent Directory,,-,,2012,9
,daily_plots/,2019-05-06 20:01,-,,2012,9
,htpng/,2013-02-11 15:51,-,,2012,9
,jsmovies/,2025-06-09 13:58,-,,2012,9
,yht/,2024-01-03 01:58,-,,2012,9
,univ2012_09.html,2024-01-03 01:58,339K,,2012,9
,,,,,2012,9
,,,,,2012,10
,Parent Directory,,-,,2012,10
,daily_plots/,2019-05-06 20:01,-,,2012,10
,htpng/,2023-09-27 19:01,-,,2012,10
,jsmovies/,2025-06-09 13:58,-,,2012,10
,yht/,2024-01-03 02:01,-,,2012,10
,univ2012_10.html,2024-01-03 02:01,253K,,2012,10
,,,,,2012,10
,,,,,2012,11
,Parent Directory,,-,,2012,11
,daily_plots/,2019-05-06 20:01,-,,2012,11
,htpng/,2013-04-03 21:14,-,,2012,11
,jsmovies/,2025-06-09 13:58,-,,2012,11
,yht/,2024-01-03 02:03,-,,2012,11
,univ2012_11.html,2024-01-03 02:03,361K,,2012,11
,,,,,2012,11
,,,,,2012,12
,Parent Directory,,-,,2012,12
,daily_plots/,2019-05-06 20:01,-,,2012,12
,htpng/,2013-05-14 18:16,-,,2012,12
,jsmovies/,2025-06-09 13:58,-,,2012,12
,yht/,2024-01-03 02:05,-,,2012,12
,univ2012_12.html,2024-01-03 02:05,417K,,2012,12
,,,,,2012,12
,,,,,2013,1
,Parent Directory,,-,,2013,1
,daily_plots/,2019-05-06 20:01,-,,2013,1
,htpng/,2013-07-23 14:41,-,,2013,1
,jsmovies/,2025-06-09 13:58,-,,2013,1
,yht/,2024-01-03 02:08,-,,2013,1
,univ2013_01.html,2024-01-03 02:08,417K,,2013,1
,,,,,2013,1
,,,,,2013,2
,Parent Directory,,-,,2013,2
,daily_plots/,2019-05-06 20:01,-,,2013,2
,htpng/,2013-09-26 16:07,-,,2013,2
,jsmovies/,2025-06-09 13:58,-,,2013,2
,yht/,2024-01-03 02:10,-,,2013,2
,univ2013_02.html,2024-01-03 02:10,353K,,2013,2
,,,,,2013,2
,,,,,2013,3
,Parent Directory,,-,,2013,3
,daily_plots/,2019-05-06 20:01,-,,2013,3
,htpng/,2013-09-27 16:03,-,,2013,3
,jsmovies/,2025-06-09 13:58,-,,2013,3
,yht/,2024-01-03 02:13,-,,2013,3
,univ2013_03.html,2024-01-03 02:13,331K,,2013,3
,,,,,2013,3
,,,,,2013,4
,Parent Directory,,-,,2013,4
,daily_plots/,2019-05-06 20:01,-,,2013,4
,htpng/,2013-09-30 14:55,-,,2013,4
,jsmovies/,2025-06-09 13:58,-,,2013,4
,yht/,2024-01-03 02:15,-,,2013,4
,univ2013_04.html,2024-01-03 02:15,379K,,2013,4
,,,,,2013,4
,,,,,2013,5
,Parent Directory,,-,,2013,5
,daily_plots/,2019-05-06 20:01,-,,2013,5
,htpng/,2013-11-07 21:44,-,,2013,5
,jsmovies/,2025-06-09 13:58,-,,2013,5
,yht/,2024-01-03 02:18,-,,2013,5
,univ2013_05.html,2024-01-03 02:18,479K,,2013,5
,,,,,2013,5
,,,,,2013,6
,Parent Directory,,-,,2013,6
,daily_plots/,2019-05-06 20:01,-,,2013,6
,htpng/,2014-04-09 14:18,-,,2013,6
,jsmovies/,2025-06-09 13:58,-,,2013,6
,yht/,2024-01-03 02:20,-,,2013,6
,univ2013_06.html,2024-01-03 02:20,311K,,2013,6
,,,,,2013,6
,,,,,2013,7
,Parent Directory,,-,,2013,7
,daily_plots/,2019-05-06 20:01,-,,2013,7
,htpng/,2014-04-20 19:15,-,,2013,7
,jsmovies/,2025-06-09 13:58,-,,2013,7
,yht/,2024-01-03 02:22,-,,2013,7
,univ2013_07.html,2024-01-03 02:22,250K,,2013,7
,,,,,2013,7
,,,,,2013,8
,Parent Directory,,-,,2013,8
,daily_plots/,2019-05-06 20:01,-,,2013,8
,htpng/,2014-04-23 17:51,-,,2013,8
,jsmovies/,2025-06-09 13:58,-,,2013,8
,yht/,2024-01-03 02:25,-,,2013,8
,univ2013_08.html,2024-01-03 02:25,269K,,2013,8
,,,,,2013,8
,,,,,2013,9
,Parent Directory,,-,,2013,9
,daily_plots/,2019-05-06 20:01,-,,2013,9
,htpng/,2014-04-24 16:09,-,,2013,9
,jsmovies/,2025-06-09 13:58,-,,2013,9
,yht/,2024-01-03 02:27,-,,2013,9
,univ2013_09.html,2024-01-03 02:27,262K,,2013,9
,,,,,2013,9
,,,,,2013,10
,Parent Directory,,-,,2013,10
,daily_plots/,2019-05-06 20:01,-,,2013,10
,htpng/,2014-06-09 20:22,-,,2013,10
,jsmovies/,2025-06-09 13:58,-,,2013,10
,yht/,2024-01-03 02:29,-,,2013,10
,univ2013_10.html,2024-01-03 02:29,466K,,2013,10
,,,,,2013,10
,,,,,2013,11
,Parent Directory,,-,,2013,11
,daily_plots/,2019-05-06 20:01,-,,2013,11
,htpng/,2024-06-13 15:34,-,,2013,11
,jsmovies/,2025-06-09 13:58,-,,2013,11
,yht/,2024-06-14 17:37,-,,2013,11
,univ2013_11.html,2024-06-14 17:37,362K,,2013,11
,,,,,2013,11
,,,,,2013,12
,Parent Directory,,-,,2013,12
,daily_plots/,2019-05-06 20:01,-,,2013,12
,htpng/,2014-07-11 21:00,-,,2013,12
,jsmovies/,2025-06-09 13:58,-,,2013,12
,yht/,2024-01-03 02:34,-,,2013,12
,univ2013_12.html,2024-01-03 02:34,417K,,2013,12
,,,,,2013,12
,,,,,2014,1
,Parent Directory,,-,,2014,1
,daily_plots/,2019-05-06 20:01,-,,2014,1
,htpng/,2014-09-05 20:31,-,,2014,1
,jsmovies/,2025-06-09 13:58,-,,2014,1
,yht/,2024-01-03 02:37,-,,2014,1
,univ2014_01.html,2024-01-03 02:37,387K,,2014,1
,,,,,2014,1
,,,,,2014,2
,Parent Directory,,-,,2014,2
,daily_plots/,2019-05-06 20:01,-,,2014,2
,htpng/,2014-10-16 15:01,-,,2014,2
,jsmovies/,2025-06-09 13:58,-,,2014,2
,yht/,2024-01-03 02:39,-,,2014,2
,univ2014_02.html,2024-01-03 02:39,326K,,2014,2
,,,,,2014,2
,,,,,2014,3
,Parent Directory,,-,,2014,3
,daily_plots/,2019-05-06 20:01,-,,2014,3
,htpng/,2015-05-01 17:58,-,,2014,3
,jsmovies/,2025-06-09 13:58,-,,2014,3
,yht/,2024-01-03 02:42,-,,2014,3
,univ2014_03.html,2024-01-03 02:42,383K,,2014,3
,,,,,2014,3
,,,,,2014,4
,Parent Directory,,-,,2014,4
,daily_plots/,2019-05-06 20:01,-,,2014,4
,htpng/,2015-02-12 15:21,-,,2014,4
,jsmovies/,2025-06-09 13:58,-,,2014,4
,yht/,2024-01-03 02:44,-,,2014,4
,univ2014_04.html,2024-01-03 02:44,415K,,2014,4
,,,,,2014,4
,,,,,2014,5
,Parent Directory,,-,,2014,5
,daily_plots/,2019-05-06 20:01,-,,2014,5
,htpng/,2015-02-19 15:29,-,,2014,5
,jsmovies/,2025-06-09 13:58,-,,2014,5
,yht/,2024-01-03 02:47,-,,2014,5
,univ2014_05.html,2024-01-03 02:47,437K,,2014,5
,,,,,2014,5
,,,,,2014,6
,Parent Directory,,-,,2014,6
,daily_plots/,2019-05-06 20:01,-,,2014,6
,htpng/,2015-05-01 19:36,-,,2014,6
,jsmovies/,2025-06-09 13:58,-,,2014,6
,yht/,2024-01-03 02:50,-,,2014,6
,univ2014_06.html,2024-01-03 02:50,476K,,2014,6
,,,,,2014,6
,,,,,2014,7
,Parent Directory,,-,,2014,7
,daily_plots/,2019-05-06 20:01,-,,2014,7
,htpng/,2015-03-31 13:58,-,,2014,7
,jsmovies/,2025-06-09 13:58,-,,2014,7
,yht/,2024-01-03 02:53,-,,2014,7
,univ2014_07.html,2024-01-03 02:53,351K,,2014,7
,,,,,2014,7
,,,,,2014,8
,Parent Directory,,-,,2014,8
,daily_plots/,2019-05-06 20:01,-,,2014,8
,htpng/,2015-05-20 17:17,-,,2014,8
,jsmovies/,2025-06-09 13:58,-,,2014,8
,yht/,2024-01-03 02:55,-,,2014,8
,univ2014_08.html,2024-01-03 02:55,308K,,2014,8
,,,,,2014,8
,,,,,2014,9
,Parent Directory,,-,,2014,9
,daily_plots/,2019-05-06 20:01,-,,2014,9
,htpng/,2015-05-20 18:55,-,,2014,9
,jsmovies/,2025-06-09 13:58,-,,2014,9
,yht/,2024-01-03 02:57,-,,2014,9
,univ2014_09.html,2024-01-03 02:57,288K,,2014,9
,,,,,2014,9
,,,,,2014,10
,Parent Directory,,-,,2014,10
,daily_plots/,2019-05-06 20:01,-,,2014,10
,htpng/,2015-06-16 20:49,-,,2014,10
,jsmovies/,2025-06-09 13:58,-,,2014,10
,yht/,2024-01-03 02:59,-,,2014,10
,univ2014_10.html,2024-01-03 02:59,388K,,2014,10
,,,,,2014,10
,,,,,2014,11
,Parent Directory,,-,,2014,11
,daily_plots/,2019-05-06 20:01,-,,2014,11
,htpng/,2015-06-16 21:14,-,,2014,11
,jsmovies/,2025-06-09 13:58,-,,2014,11
,yht/,2024-01-03 03:02,-,,2014,11
,univ2014_11.html,2024-01-03 03:02,414K,,2014,11
,,,,,2014,11
,,,,,2014,12
,Parent Directory,,-,,2014,12
,daily_plots/,2019-05-06 20:01,-,,2014,12
,htpng/,2015-07-03 15:45,-,,2014,12
,jsmovies/,2025-06-09 13:58,-,,2014,12
,yht/,2024-01-03 03:04,-,,2014,12
,univ2014_12.html,2024-01-03 03:04,384K,,2014,12
,,,,,2014,12
,,,,,2015,1
,Parent Directory,,-,,2015,1
,daily_plots/,2019-05-06 20:01,-,,2015,1
,htpng/,2016-04-07 20:42,-,,2015,1
,jsmovies/,2025-06-09 13:58,-,,2015,1
,yht/,2024-01-03 03:07,-,,2015,1
,univ2015_01.html,2024-01-03 03:07,327K,,2015,1
,,,,,2015,1
,,,,,2015,2
,Parent Directory,,-,,2015,2
,daily_plots/,2019-05-06 20:01,-,,2015,2
,htpng/,2015-10-06 20:56,-,,2015,2
,jsmovies/,2025-06-09 13:58,-,,2015,2
,yht/,2024-01-03 03:09,-,,2015,2
,univ2015_02.html,2024-01-03 03:09,249K,,2015,2
,,,,,2015,2
,,,,,2015,3
,Parent Directory,,-,,2015,3
,daily_plots/,2019-05-06 20:01,-,,2015,3
,htpng/,2016-02-08 15:47,-,,2015,3
,jsmovies/,2025-06-09 13:58,-,,2015,3
,yht/,2024-01-03 03:11,-,,2015,3
,univ2015_03.html,2024-01-03 03:11,347K,,2015,3
,,,,,2015,3
,,,,,2015,4
,Parent Directory,,-,,2015,4
,daily_plots/,2019-05-06 20:01,-,,2015,4
,htpng/,2016-01-28 22:08,-,,2015,4
,jsmovies/,2025-06-09 13:58,-,,2015,4
,yht/,2024-01-03 03:13,-,,2015,4
,univ2015_04.html,2024-01-03 03:13,368K,,2015,4
,,,,,2015,4
,,,,,2015,5
,Parent Directory,,-,,2015,5
,daily_plots/,2019-05-06 20:01,-,,2015,5
,htpng/,2016-01-28 22:13,-,,2015,5
,jsmovies/,2025-06-09 13:58,-,,2015,5
,yht/,2024-01-03 03:16,-,,2015,5
,univ2015_05.html,2024-01-03 03:16,362K,,2015,5
,,,,,2015,5
,,,,,2015,6
,Parent Directory,,-,,2015,6
,daily_plots/,2019-05-06 20:01,-,,2015,6
,htpng/,2016-01-28 22:18,-,,2015,6
,jsmovies/,2025-06-09 13:58,-,,2015,6
,yht/,2024-01-03 03:18,-,,2015,6
,univ2015_06.html,2024-01-03 03:18,276K,,2015,6
,,,,,2015,6
,,,,,2015,7
,Parent Directory,,-,,2015,7
,daily_plots/,2019-05-06 20:01,-,,2015,7
,htpng/,2016-01-28 22:23,-,,2015,7
,jsmovies/,2025-06-09 13:58,-,,2015,7
,yht/,2024-01-03 03:20,-,,2015,7
,univ2015_07.html,2024-01-03 03:20,329K,,2015,7
,,,,,2015,7
,,,,,2015,8
,Parent Directory,,-,,2015,8
,daily_plots/,2019-05-06 20:01,-,,2015,8
,htpng/,2016-03-31 15:04,-,,2015,8
,jsmovies/,2025-06-09 13:58,-,,2015,8
,yht/,2024-01-03 03:22,-,,2015,8
,univ2015_08.html,2024-01-03 03:22,307K,,2015,8
,,,,,2015,8
,,,,,2015,9
,Parent Directory,,-,,2015,9
,daily_plots/,2019-05-06 20:01,-,,2015,9
,htpng/,2016-03-31 15:10,-,,2015,9
,jsmovies/,2025-06-09 13:58,-,,2015,9
,yht/,2024-01-03 03:24,-,,2015,9
,univ2015_09.html,2024-01-03 03:24,303K,,2015,9
,,,,,2015,9
,,,,,2015,10
,Parent Directory,,-,,2015,10
,daily_plots/,2019-05-06 20:01,-,,2015,10
,htpng/,2016-04-05 15:10,-,,2015,10
,jsmovies/,2025-06-09 13:58,-,,2015,10
,yht/,2024-01-03 03:27,-,,2015,10
,univ2015_10.html,2024-01-03 03:27,307K,,2015,10
,,,,,2015,10
,,,,,2015,11
,Parent Directory,,-,,2015,11
,daily_plots/,2019-05-06 20:01,-,,2015,11
,htpng/,2016-12-22 19:34,-,,2015,11
,jsmovies/,2025-06-09 13:58,-,,2015,11
,yht/,2024-01-03 03:29,-,,2015,11
,univ2015_11.html,2024-01-03 03:29,307K,,2015,11
,,,,,2015,11
,,,,,2015,12
,Parent Directory,,-,,2015,12
,daily_plots/,2019-05-06 20:01,-,,2015,12
,htpng/,2016-12-22 20:09,-,,2015,12
,jsmovies/,2025-06-09 13:58,-,,2015,12
,yht/,2024-09-11 15:46,-,,2015,12
,univ2015_12.html,2024-09-11 15:46,300K,,2015,12
,,,,,2015,12
,,,,,2016,1
,Parent Directory,,-,,2016,1
,daily_plots/,2019-05-06 20:01,-,,2016,1
,htpng/,2017-04-03 17:10,-,,2016,1
,jsmovies/,2025-06-09 13:58,-,,2016,1
,yht/,2024-01-03 03:33,-,,2016,1
,univ2016_01.html,2024-01-03 03:33,316K,,2016,1
,,,,,2016,1
,,,,,2016,2
,Parent Directory,,-,,2016,2
,daily_plots/,2019-05-06 20:01,-,,2016,2
,htpng/,2017-10-24 15:06,-,,2016,2
,jsmovies/,2025-06-09 13:58,-,,2016,2
,yht/,2024-01-03 03:35,-,,2016,2
,univ2016_02.html,2024-01-03 03:35,296K,,2016,2
,,,,,2016,2
,,,,,2016,3
,Parent Directory,,-,,2016,3
,daily_plots/,2019-05-06 20:01,-,,2016,3
,htpng/,2017-03-17 02:10,-,,2016,3
,jsmovies/,2025-06-09 13:58,-,,2016,3
,yht/,2024-01-03 03:37,-,,2016,3
,univ2016_03.html,2024-01-03 03:37,239K,,2016,3
,,,,,2016,3
,,,,,2016,4
,Parent Directory,,-,,2016,4
,daily_plots/,2019-05-06 20:01,-,,2016,4
,htpng/,2017-04-06 17:01,-,,2016,4
,jsmovies/,2025-06-09 13:58,-,,2016,4
,yht/,2024-01-03 03:39,-,,2016,4
,univ2016_04.html,2024-01-03 03:39,227K,,2016,4
,,,,,2016,4
,,,,,2016,5
,Parent Directory,,-,,2016,5
,daily_plots/,2019-05-06 20:01,-,,2016,5
,htpng/,2017-04-14 21:01,-,,2016,5
,jsmovies/,2025-06-09 13:58,-,,2016,5
,yht/,2024-01-03 03:41,-,,2016,5
,univ2016_05.html,2024-01-03 03:41,262K,,2016,5
,,,,,2016,5
,,,,,2016,6
,Parent Directory,,-,,2016,6
,daily_plots/,2019-05-06 20:01,-,,2016,6
,htpng/,2017-07-02 23:44,-,,2016,6
,jsmovies/,2025-06-09 13:58,-,,2016,6
,yht/,2024-01-03 03:43,-,,2016,6
,univ2016_06.html,2024-01-03 03:43,210K,,2016,6
,,,,,2016,6
,,,,,2016,7
,Parent Directory,,-,,2016,7
,daily_plots/,2019-05-06 20:01,-,,2016,7
,htpng/,2017-10-23 15:27,-,,2016,7
,jsmovies/,2025-06-09 13:58,-,,2016,7
,yht/,2024-01-03 03:44,-,,2016,7
,univ2016_07.html,2024-01-03 03:44,207K,,2016,7
,,,,,2016,7
,,,,,2016,8
,Parent Directory,,-,,2016,8
,daily_plots/,2019-05-06 20:01,-,,2016,8
,htpng/,2017-10-21 17:17,-,,2016,8
,jsmovies/,2025-06-09 13:58,-,,2016,8
,yht/,2024-01-03 03:46,-,,2016,8
,univ2016_08.html,2024-01-03 03:46,167K,,2016,8
,,,,,2016,8
,,,,,2016,9
,Parent Directory,,-,,2016,9
,daily_plots/,2019-05-06 20:01,-,,2016,9
,htpng/,2017-10-21 17:22,-,,2016,9
,jsmovies/,2025-06-09 13:58,-,,2016,9
,yht/,2024-01-03 03:47,-,,2016,9
,univ2016_09.html,2024-01-03 03:47,143K,,2016,9
,,,,,2016,9
,,,,,2016,10
,Parent Directory,,-,,2016,10
,daily_plots/,2019-05-06 20:01,-,,2016,10
,htpng/,2017-10-21 17:30,-,,2016,10
,jsmovies/,2025-06-09 13:58,-,,2016,10
,yht/,2024-01-03 03:49,-,,2016,10
,univ2016_10.html,2024-01-03 03:49,165K,,2016,10
,,,,,2016,10
,,,,,2016,11
,Parent Directory,,-,,2016,11
,daily_plots/,2019-05-06 20:01,-,,2016,11
,htpng/,2017-10-21 17:56,-,,2016,11
,jsmovies/,2025-06-09 13:58,-,,2016,11
,yht/,2024-01-03 03:50,-,,2016,11
,univ2016_11.html,2024-01-03 03:50,183K,,2016,11
,,,,,2016,11
,,,,,2016,12
,Parent Directory,,-,,2016,12
,daily_plots/,2019-05-06 20:01,-,,2016,12
,htpng/,2017-10-21 17:39,-,,2016,12
,jsmovies/,2025-06-09 13:58,-,,2016,12
,yht/,2024-01-03 03:52,-,,2016,12
,univ2016_12.html,2024-01-03 03:52,154K,,2016,12
,,,,,2016,12
,,,,,2017,1
,Parent Directory,,-,,2017,1
,daily_plots/,2019-05-06 20:01,-,,2017,1
,htpng/,2017-12-26 18:41,-,,2017,1
,jsmovies/,2025-06-09 13:58,-,,2017,1
,yht/,2024-01-03 03:53,-,,2017,1
,univ2017_01.html,2024-01-03 03:53,130K,,2017,1
,,,,,2017,1
,,,,,2017,2
,Parent Directory,,-,,2017,2
,daily_plots/,2019-05-06 20:01,-,,2017,2
,htpng/,2017-12-28 20:45,-,,2017,2
,jsmovies/,2025-06-09 13:58,-,,2017,2
,yht/,2024-01-03 03:55,-,,2017,2
,univ2017_02.html,2024-01-03 03:55,114K,,2017,2
,,,,,2017,2
,,,,,2017,3
,Parent Directory,,-,,2017,3
,daily_plots/,2019-05-06 20:01,-,,2017,3
,htpng/,2017-12-26 18:47,-,,2017,3
,jsmovies/,2025-06-09 13:58,-,,2017,3
,yht/,2024-01-03 03:56,-,,2017,3
,univ2017_03.html,2024-01-03 03:56,104K,,2017,3
,,,,,2017,3
,,,,,2017,4
,Parent Directory,,-,,2017,4
,daily_plots/,2019-05-06 20:01,-,,2017,4
,htpng/,2017-12-26 18:50,-,,2017,4
,jsmovies/,2025-06-09 13:58,-,,2017,4
,yht/,2024-01-03 03:57,-,,2017,4
,univ2017_04.html,2024-01-03 03:57,170K,,2017,4
,,,,,2017,4
,,,,,2017,5
,Parent Directory,,-,,2017,5
,daily_plots/,2019-05-06 20:01,-,,2017,5
,htpng/,2018-02-08 18:31,-,,2017,5
,jsmovies/,2025-06-09 13:58,-,,2017,5
,yht/,2024-01-03 03:58,-,,2017,5
,univ2017_05.html,2024-01-03 03:58,119K,,2017,5
,,,,,2017,5
,,,,,2017,6
,Parent Directory,,-,,2017,6
,daily_plots/,2019-05-06 20:01,-,,2017,6
,htpng/,2018-04-16 15:27,-,,2017,6
,jsmovies/,2025-06-09 13:58,-,,2017,6
,yht/,2024-01-03 04:00,-,,2017,6
,univ2017_06.html,2024-01-03 04:00,119K,,2017,6
,,,,,2017,6
,,,,,2017,7
,Parent Directory,,-,,2017,7
,daily_plots/,2019-05-06 20:01,-,,2017,7
,htpng/,2018-04-16 17:47,-,,2017,7
,jsmovies/,2025-06-09 13:58,-,,2017,7
,yht/,2024-01-03 04:01,-,,2017,7
,univ2017_07.html,2024-01-03 04:01,134K,,2017,7
,,,,,2017,7
,,,,,2017,8
,Parent Directory,,-,,2017,8
,daily_plots/,2019-05-06 20:01,-,,2017,8
,htpng/,2018-05-13 22:12,-,,2017,8
,jsmovies/,2025-06-09 13:58,-,,2017,8
,yht/,2024-01-03 04:02,-,,2017,8
,univ2017_08.html,2024-01-03 04:02,121K,,2017,8
,,,,,2017,8
,,,,,2017,9
,Parent Directory,,-,,2017,9
,daily_plots/,2019-05-06 20:01,-,,2017,9
,htpng/,2018-10-19 19:25,-,,2017,9
,jsmovies/,2025-06-09 13:58,-,,2017,9
,yht/,2024-01-03 04:04,-,,2017,9
,univ2017_09.html,2024-01-03 04:04,127K,,2017,9
,,,,,2017,9
,,,,,2017,10
,Parent Directory,,-,,2017,10
,daily_plots/,2019-05-06 20:01,-,,2017,10
,htpng/,2018-06-06 19:36,-,,2017,10
,jsmovies/,2025-06-09 13:58,-,,2017,10
,yht/,2024-01-03 04:05,-,,2017,10
,univ2017_10.html,2024-01-03 04:05,131K,,2017,10
,,,,,2017,10
,,,,,2017,11
,Parent Directory,,-,,2017,11
,daily_plots/,2019-05-06 20:01,-,,2017,11
,htpng/,2018-10-20 01:40,-,,2017,11
,jsmovies/,2025-06-09 13:58,-,,2017,11
,yht/,2024-01-03 04:06,-,,2017,11
,univ2017_11.html,2024-01-03 04:06,96K,,2017,11
,,,,,2017,11
,,,,,2017,12
,Parent Directory,,-,,2017,12
,daily_plots/,2019-05-06 20:01,-,,2017,12
,htpng/,2018-10-20 01:47,-,,2017,12
,jsmovies/,2025-06-09 13:58,-,,2017,12
,yht/,2024-01-03 04:07,-,,2017,12
,univ2017_12.html,2024-01-03 04:07,97K,,2017,12
,,,,,2017,12
,,,,,2018,1
,Parent Directory,,-,,2018,1
,daily_plots/,2019-05-06 20:01,-,,2018,1
,htpng/,2018-10-20 01:51,-,,2018,1
,jsmovies/,2025-06-09 13:58,-,,2018,1
,yht/,2024-01-03 04:08,-,,2018,1
,univ2018_01.html,2024-01-03 04:08,70K,,2018,1
,,,,,2018,1
,,,,,2018,2
,Parent Directory,,-,,2018,2
,daily_plots/,2019-05-06 20:01,-,,2018,2
,htpng/,2018-10-20 01:54,-,,2018,2
,jsmovies/,2025-06-09 13:58,-,,2018,2
,yht/,2024-01-03 04:09,-,,2018,2
,univ2018_02.html,2024-01-03 04:09,63K,,2018,2
,,,,,2018,2
,,,,,2018,3
,Parent Directory,,-,,2018,3
,daily_plots/,2019-05-06 20:01,-,,2018,3
,htpng/,2018-10-20 01:56,-,,2018,3
,jsmovies/,2025-06-09 13:58,-,,2018,3
,yht/,2024-01-03 04:10,-,,2018,3
,univ2018_03.html,2024-01-03 04:10,87K,,2018,3
,,,,,2018,3
,,,,,2018,4
,Parent Directory,,-,,2018,4
,daily_plots/,2019-05-06 20:01,-,,2018,4
,htpng/,2019-05-08 19:35,-,,2018,4
,jsmovies/,2025-06-09 13:58,-,,2018,4
,yht/,2024-01-03 04:12,-,,2018,4
,univ2018_04.html,2024-01-03 04:12,90K,,2018,4
,,,,,2018,4
,,,,,2018,5
,Parent Directory,,-,,2018,5
,daily_plots/,2019-05-06 20:01,-,,2018,5
,htpng/,2019-05-08 19:36,-,,2018,5
,jsmovies/,2025-06-09 13:58,-,,2018,5
,yht/,2024-01-03 04:13,-,,2018,5
,univ2018_05.html,2024-01-03 04:13,89K,,2018,5
,,,,,2018,5
,,,,,2018,6
,Parent Directory,,-,,2018,6
,daily_plots/,2019-05-06 20:01,-,,2018,6
,htpng/,2019-05-29 18:57,-,,2018,6
,jsmovies/,2025-06-09 13:58,-,,2018,6
,yht/,2024-01-03 04:14,-,,2018,6
,univ2018_06.html,2024-01-03 04:14,68K,,2018,6
,,,,,2018,6
,,,,,2018,7
,Parent Directory,,-,,2018,7
,daily_plots/,2019-05-06 20:01,-,,2018,7
,htpng/,2019-05-29 18:58,-,,2018,7
,jsmovies/,2025-06-09 13:58,-,,2018,7
,yht/,2024-01-03 04:15,-,,2018,7
,univ2018_07.html,2024-01-03 04:15,74K,,2018,7
,,,,,2018,7
,,,,,2018,8
,Parent Directory,,-,,2018,8
,daily_plots/,2019-05-06 20:01,-,,2018,8
,htpng/,2019-05-29 18:58,-,,2018,8
,jsmovies/,2025-06-09 13:58,-,,2018,8
,yht/,2024-01-03 04:16,-,,2018,8
,univ2018_08.html,2024-01-03 04:16,90K,,2018,8
,,,,,2018,8
,,,,,2018,9
,Parent Directory,,-,,2018,9
,daily_plots/,2019-05-06 20:01,-,,2018,9
,htpng/,2019-06-21 13:31,-,,2018,9
,jsmovies/,2025-06-09 13:58,-,,2018,9
,yht/,2024-01-03 04:17,-,,2018,9
,univ2018_09.html,2024-01-03 04:17,72K,,2018,9
,,,,,2018,9
,,,,,2018,10
,Parent Directory,,-,,2018,10
,daily_plots/,2019-05-06 20:01,-,,2018,10
,htpng/,2019-06-24 18:07,-,,2018,10
,jsmovies/,2025-06-09 13:58,-,,2018,10
,yht/,2024-01-03 04:18,-,,2018,10
,univ2018_10.html,2024-01-03 04:18,75K,,2018,10
,,,,,2018,10
,,,,,2018,11
,Parent Directory,,-,,2018,11
,daily_plots/,2019-05-06 20:01,-,,2018,11
,htpng/,2019-07-25 14:15,-,,2018,11
,jsmovies/,2025-06-09 13:58,-,,2018,11
,yht/,2024-01-03 04:19,-,,2018,11
,univ2018_11.html,2024-01-03 04:19,61K,,2018,11
,,,,,2018,11
,,,,,2018,12
,Parent Directory,,-,,2018,12
,daily_plots/,2019-05-06 20:01,-,,2018,12
,htpng/,2019-07-25 14:16,-,,2018,12
,jsmovies/,2025-06-09 13:58,-,,2018,12
,yht/,2024-01-03 04:20,-,,2018,12
,univ2018_12.html,2024-01-03 04:20,61K,,2018,12
,,,,,2018,12
,,,,,2019,1
,Parent Directory,,-,,2019,1
,daily_plots/,2019-05-06 20:01,-,,2019,1
,htpng/,2019-12-17 14:50,-,,2019,1
,jsmovies/,2025-06-09 13:58,-,,2019,1
,yht/,2024-01-03 04:21,-,,2019,1
,univ2019_01.html,2024-01-03 04:21,90K,,2019,1
,,,,,2019,1
,,,,,2019,2
,Parent Directory,,-,,2019,2
,daily_plots/,2019-05-06 20:01,-,,2019,2
,htpng/,2019-12-17 14:53,-,,2019,2
,jsmovies/,2025-06-09 13:58,-,,2019,2
,yht/,2024-01-03 04:22,-,,2019,2
,univ2019_02.html,2024-01-03 04:22,59K,,2019,2
,,,,,2019,2
,,,,,2019,3
,Parent Directory,,-,,2019,3
,daily_plots/,2019-05-06 20:01,-,,2019,3
,htpng/,2019-12-17 14:54,-,,2019,3
,jsmovies/,2025-06-09 13:58,-,,2019,3
,yht/,2024-01-03 04:23,-,,2019,3
,univ2019_03.html,2024-01-03 04:23,109K,,2019,3
,,,,,2019,3
,,,,,2019,4
,Parent Directory,,-,,2019,4
,daily_plots/,2019-05-06 20:01,-,,2019,4
,htpng/,2020-03-03 19:18,-,,2019,4
,jsmovies/,2025-06-09 13:58,-,,2019,4
,yht/,2024-01-03 04:24,-,,2019,4
,univ2019_04.html,2024-01-03 04:24,73K,,2019,4
,,,,,2019,4
,,,,,2019,5
,Parent Directory,,-,,2019,5
,daily_plots/,2019-05-06 20:01,-,,2019,5
,htpng/,2020-03-03 19:18,-,,2019,5
,jsmovies/,2025-06-09 13:58,-,,2019,5
,yht/,2024-01-03 04:25,-,,2019,5
,univ2019_05.html,2024-01-03 04:25,139K,,2019,5
,,,,,2019,5
,,,,,2019,6
,Parent Directory,,-,,2019,6
,daily_plots/,2019-05-06 20:01,-,,2019,6
,htpng/,2020-03-03 19:19,-,,2019,6
,jsmovies/,2025-06-09 13:58,-,,2019,6
,yht/,2024-01-03 04:26,-,,2019,6
,univ2019_06.html,2024-01-03 04:26,74K,,2019,6
,,,,,2019,6
,,,,,2019,7
,Parent Directory,,-,,2019,7
,daily_plots/,2019-05-06 20:01,-,,2019,7
,htpng/,2020-03-03 19:20,-,,2019,7
,jsmovies/,2025-06-09 13:58,-,,2019,7
,yht/,2024-01-03 04:28,-,,2019,7
,univ2019_07.html,2024-01-03 04:28,107K,,2019,7
,,,,,2019,7
,,,,,2019,8
,Parent Directory,,-,,2019,8
,daily_plots/,2019-05-06 20:01,-,,2019,8
,htpng/,2020-04-13 16:02,-,,2019,8
,jsmovies/,2025-06-09 13:58,-,,2019,8
,yht/,2024-01-03 04:29,-,,2019,8
,univ2019_08.html,2024-01-03 04:29,61K,,2019,8
,,,,,2019,8
,,,,,2019,9
,Parent Directory,,-,,2019,9
,daily_plots/,2019-05-06 20:01,-,,2019,9
,htpng/,2020-04-23 15:34,-,,2019,9
,jsmovies/,2025-06-09 13:58,-,,2019,9
,yht/,2024-01-03 04:30,-,,2019,9
,univ2019_09.html,2024-01-03 04:30,65K,,2019,9
,,,,,2019,9
,,,,,2019,10
,Parent Directory,,-,,2019,10
,daily_plots/,2019-05-06 20:01,-,,2019,10
,htpng/,2020-04-23 16:25,-,,2019,10
,jsmovies/,2025-06-09 13:58,-,,2019,10
,yht/,2024-01-03 04:31,-,,2019,10
,univ2019_10.html,2024-01-03 04:31,90K,,2019,10
,,,,,2019,10
,,,,,2019,11
,Parent Directory,,-,,2019,11
,daily_plots/,2019-05-06 20:01,-,,2019,11
,htpng/,2020-04-23 16:54,-,,2019,11
,jsmovies/,2025-06-09 13:58,-,,2019,11
,yht/,2024-01-03 04:32,-,,2019,11
,univ2019_11.html,2024-01-03 04:32,65K,,2019,11
,,,,,2019,11
,,,,,2019,12
,Parent Directory,,-,,2019,12
,daily_plots/,2019-05-06 20:01,-,,2019,12
,htpng/,2020-04-23 17:51,-,,2019,12
,jsmovies/,2025-06-09 13:58,-,,2019,12
,yht/,2024-01-03 04:33,-,,2019,12
,univ2019_12.html,2024-01-03 04:33,101K,,2019,12
,,,,,2019,12
,,,,,2020,1
,Parent Directory,,-,,2020,1
,daily_plots/,2019-05-06 20:01,-,,2020,1
,htpng/,2020-04-23 23:54,-,,2020,1
,jsmovies/,2025-06-09 13:58,-,,2020,1
,yht/,2024-01-03 04:34,-,,2020,1
,univ2020_01.html,2024-01-03 04:34,81K,,2020,1
,,,,,2020,1
,,,,,2020,2
,Parent Directory,,-,,2020,2
,daily_plots/,2019-05-06 20:01,-,,2020,2
,htpng/,2020-06-26 20:39,-,,2020,2
,jsmovies/,2025-06-09 13:58,-,,2020,2
,yht/,2024-01-03 04:35,-,,2020,2
,univ2020_02.html,2024-01-03 04:35,70K,,2020,2
,,,,,2020,2
,,,,,2020,3
,Parent Directory,,-,,2020,3
,daily_plots/,2019-05-06 20:01,-,,2020,3
,htpng/,2020-06-26 21:08,-,,2020,3
,jsmovies/,2025-06-09 13:58,-,,2020,3
,yht/,2024-01-03 04:36,-,,2020,3
,univ2020_03.html,2024-01-03 04:36,72K,,2020,3
,,,,,2020,3
,,,,,2020,4
,Parent Directory,,-,,2020,4
,daily_plots/,2019-05-06 20:01,-,,2020,4
,htpng/,2020-06-26 21:29,-,,2020,4
,jsmovies/,2025-06-09 13:58,-,,2020,4
,yht/,2024-01-03 04:37,-,,2020,4
,univ2020_04.html,2024-01-03 04:37,63K,,2020,4
,,,,,2020,4
,,,,,2020,5
,Parent Directory,,-,,2020,5
,daily_plots/,2019-05-06 20:01,-,,2020,5
,htpng/,2020-06-26 22:01,-,,2020,5
,jsmovies/,2025-06-09 13:58,-,,2020,5
,yht/,2024-01-03 04:38,-,,2020,5
,univ2020_05.html,2024-01-03 04:38,83K,,2020,5
,,,,,2020,5
,,,,,2020,6
,Parent Directory,,-,,2020,6
,daily_plots/,2019-05-06 20:01,-,,2020,6
,htpng/,2020-11-30 22:23,-,,2020,6
,jsmovies/,2025-06-09 13:58,-,,2020,6
,yht/,2024-01-03 04:39,-,,2020,6
,univ2020_06.html,2024-01-03 04:39,88K,,2020,6
,,,,,2020,6
,,,,,2020,7
,Parent Directory,,-,,2020,7
,daily_plots/,2019-05-06 20:01,-,,2020,7
,htpng/,2020-11-30 22:53,-,,2020,7
,jsmovies/,2025-06-09 13:58,-,,2020,7
,yht/,2024-01-03 04:40,-,,2020,7
,univ2020_07.html,2024-01-03 04:40,94K,,2020,7
,,,,,2020,7
,,,,,2020,8
,Parent Directory,,-,,2020,8
,daily_plots/,2019-05-06 20:01,-,,2020,8
,htpng/,2020-12-03 00:28,-,,2020,8
,jsmovies/,2025-06-09 13:58,-,,2020,8
,yht/,2024-01-03 04:41,-,,2020,8
,univ2020_08.html,2024-01-03 04:41,125K,,2020,8
,,,,,2020,8
,,,,,2020,9
,Parent Directory,,-,,2020,9
,daily_plots/,2019-05-06 20:01,-,,2020,9
,htpng/,2021-04-01 22:16,-,,2020,9
,jsmovies/,2025-06-09 13:58,-,,2020,9
,yht/,2024-01-03 04:43,-,,2020,9
,univ2020_09.html,2024-01-03 04:43,88K,,2020,9
,,,,,2020,9
,,,,,2020,10
,Parent Directory,,-,,2020,10
,daily_plots/,2019-05-06 20:01,-,,2020,10
,htpng/,2021-04-01 22:52,-,,2020,10
,jsmovies/,2025-06-09 13:58,-,,2020,10
,yht/,2024-01-03 04:44,-,,2020,10
,univ2020_10.html,2024-01-03 04:44,105K,,2020,10
,,,,,2020,10
,,,,,2020,11
,Parent Directory,,-,,2020,11
,daily_plots/,2019-05-06 20:01,-,,2020,11
,htpng/,2021-04-01 23:49,-,,2020,11
,jsmovies/,2025-06-09 13:58,-,,2020,11
,yht/,2024-01-03 04:45,-,,2020,11
,univ2020_11.html,2024-01-03 04:45,190K,,2020,11
,,,,,2020,11
,,,,,2020,12
,Parent Directory,,-,,2020,12
,daily_plots/,2019-05-06 20:01,-,,2020,12
,htpng/,2021-04-02 00:35,-,,2020,12
,jsmovies/,2025-06-09 13:58,-,,2020,12
,yht/,2024-01-03 04:47,-,,2020,12
,univ2020_12.html,2024-01-03 04:47,152K,,2020,12
,,,,,2020,12
,,,,,2021,1
,Parent Directory,,-,,2021,1
,daily_plots/,2019-05-06 20:01,-,,2021,1
,htpng/,2021-04-26 14:47,-,,2021,1
,jsmovies/,2025-06-09 13:58,-,,2021,1
,yht/,2024-01-03 04:48,-,,2021,1
,univ2021_01.html,2024-01-03 04:48,117K,,2021,1
,,,,,2021,1
,,,,,2021,2
,Parent Directory,,-,,2021,2
,daily_plots/,2019-05-06 20:01,-,,2021,2
,htpng/,2021-08-09 16:34,-,,2021,2
,jsmovies/,2025-06-09 13:58,-,,2021,2
,yht/,2024-01-03 04:49,-,,2021,2
,univ2021_02.html,2024-01-03 04:49,103K,,2021,2
,,,,,2021,2
,,,,,2021,3
,Parent Directory,,-,,2021,3
,daily_plots/,2019-05-06 20:01,-,,2021,3
,htpng/,2021-08-09 16:59,-,,2021,3
,jsmovies/,2025-06-09 13:58,-,,2021,3
,yht/,2024-01-03 04:50,-,,2021,3
,univ2021_03.html,2024-01-03 04:50,85K,,2021,3
,,,,,2021,3
,,,,,2021,4
,Parent Directory,,-,,2021,4
,daily_plots/,2019-05-06 20:01,-,,2021,4
,htpng/,2021-08-09 17:38,-,,2021,4
,jsmovies/,2025-06-09 13:58,-,,2021,4
,yht/,2024-01-03 04:52,-,,2021,4
,univ2021_04.html,2024-01-03 04:52,123K,,2021,4
,,,,,2021,4
,,,,,2021,5
,Parent Directory,,-,,2021,5
,daily_plots/,2019-05-06 20:01,-,,2021,5
,htpng/,2021-08-09 22:17,-,,2021,5
,jsmovies/,2025-06-09 13:58,-,,2021,5
,yht/,2024-01-03 04:53,-,,2021,5
,univ2021_05.html,2024-01-03 04:53,143K,,2021,5
,,,,,2021,5
,,,,,2021,6
,Parent Directory,,-,,2021,6
,daily_plots/,2019-05-06 20:01,-,,2021,6
,htpng/,2021-10-14 19:27,-,,2021,6
,jsmovies/,2025-06-09 13:58,-,,2021,6
,yht/,2024-01-03 04:54,-,,2021,6
,univ2021_06.html,2024-01-03 04:54,143K,,2021,6
,,,,,2021,6
,,,,,2021,7
,Parent Directory,,-,,2021,7
,daily_plots/,2019-05-06 20:01,-,,2021,7
,htpng/,2021-10-14 20:22,-,,2021,7
,jsmovies/,2025-06-09 13:58,-,,2021,7
,yht/,2024-01-03 04:56,-,,2021,7
,univ2021_07.html,2024-01-03 04:56,161K,,2021,7
,,,,,2021,7
,,,,,2021,8
,Parent Directory,,-,,2021,8
,daily_plots/,2019-05-06 20:01,-,,2021,8
,htpng/,2022-02-16 00:30,-,,2021,8
,jsmovies/,2025-06-09 13:58,-,,2021,8
,yht/,2024-01-03 04:57,-,,2021,8
,univ2021_08.html,2024-01-03 04:57,152K,,2021,8
,,,,,2021,8
,,,,,2021,9
,Parent Directory,,-,,2021,9
,daily_plots/,2019-05-06 20:01,-,,2021,9
,htpng/,2022-04-13 03:05,-,,2021,9
,jsmovies/,2025-06-09 13:58,-,,2021,9
,yht/,2024-01-03 04:59,-,,2021,9
,univ2021_09.html,2024-01-03 04:59,239K,,2021,9
,,,,,2021,9
,,,,,2021,10
,Parent Directory,,-,,2021,10
,daily_plots/,2019-05-06 20:01,-,,2021,10
,htpng/,2022-04-13 04:21,-,,2021,10
,jsmovies/,2025-06-09 13:58,-,,2021,10
,yht/,2024-01-03 05:01,-,,2021,10
,univ2021_10.html,2024-01-03 05:01,169K,,2021,10
,,,,,2021,10
,,,,,2021,11
,Parent Directory,,-,,2021,11
,daily_plots/,2019-05-06 20:01,-,,2021,11
,htpng/,2022-04-13 05:09,-,,2021,11
,jsmovies/,2025-06-09 13:58,-,,2021,11
,yht/,2024-01-03 05:02,-,,2021,11
,univ2021_11.html,2024-01-03 05:02,152K,,2021,11
,,,,,2021,11
,,,,,2021,12
,Parent Directory,,-,,2021,12
,daily_plots/,2019-05-06 20:01,-,,2021,12
,htpng/,2022-04-20 19:20,-,,2021,12
,jsmovies/,2025-06-09 13:58,-,,2021,12
,yht/,2024-01-03 05:04,-,,2021,12
,univ2021_12.html,2024-01-03 05:04,201K,,2021,12
,,,,,2021,12
,,,,,2022,1
,Parent Directory,,-,,2022,1
,daily_plots/,2019-05-06 20:01,-,,2022,1
,htpng/,2022-04-20 20:34,-,,2022,1
,jsmovies/,2025-06-09 13:58,-,,2022,1
,yht/,2024-01-03 05:05,-,,2022,1
,univ2022_01.html,2024-01-03 05:05,209K,,2022,1
,,,,,2022,1
,,,,,2022,2
,Parent Directory,,-,,2022,2
,daily_plots/,2019-05-06 20:01,-,,2022,2
,htpng/,2022-04-20 21:41,-,,2022,2
,jsmovies/,2025-06-09 13:58,-,,2022,2
,yht/,2024-01-03 05:07,-,,2022,2
,univ2022_02.html,2024-01-03 05:07,207K,,2022,2
,,,,,2022,2
,,,,,2022,3
,Parent Directory,,-,,2022,3
,daily_plots/,2019-05-06 20:01,-,,2022,3
,htpng/,2022-08-05 16:04,-,,2022,3
,jsmovies/,2025-06-09 13:58,-,,2022,3
,yht/,2024-01-03 05:09,-,,2022,3
,univ2022_03.html,2024-01-03 05:09,165K,,2022,3
,,,,,2022,3
,,,,,2022,4
,Parent Directory,,-,,2022,4
,daily_plots/,2019-05-06 20:01,-,,2022,4
,htpng/,2022-08-05 16:06,-,,2022,4
,jsmovies/,2025-06-09 13:58,-,,2022,4
,yht/,2024-01-03 05:10,-,,2022,4
,univ2022_04.html,2024-01-03 05:10,209K,,2022,4
,,,,,2022,4
,,,,,2022,5
,Parent Directory,,-,,2022,5
,daily_plots/,2019-05-06 20:01,-,,2022,5
,htpng/,2022-08-05 16:07,-,,2022,5
,jsmovies/,2025-06-09 13:58,-,,2022,5
,yht/,2024-01-03 05:12,-,,2022,5
,univ2022_05.html,2024-01-03 05:12,254K,,2022,5
,,,,,2022,5
,,,,,2022,6
,Parent Directory,,-,,2022,6
,daily_plots/,2019-05-06 20:01,-,,2022,6
,htpng/,2022-08-05 16:08,-,,2022,6
,jsmovies/,2025-06-09 13:58,-,,2022,6
,yht/,2024-01-03 05:14,-,,2022,6
,univ2022_06.html,2024-01-03 05:14,174K,,2022,6
,,,,,2022,6
,,,,,2022,7
,Parent Directory,,-,,2022,7
,daily_plots/,2019-05-06 20:01,-,,2022,7
,htpng/,2022-12-09 00:00,-,,2022,7
,jsmovies/,2025-06-09 13:58,-,,2022,7
,yht/,2024-01-03 05:15,-,,2022,7
,univ2022_07.html,2024-01-03 05:15,250K,,2022,7
,,,,,2022,7
,,,,,2022,8
,Parent Directory,,-,,2022,8
,daily_plots/,2019-05-06 20:01,-,,2022,8
,htpng/,2022-12-09 01:24,-,,2022,8
,jsmovies/,2025-06-09 13:58,-,,2022,8
,yht/,2024-01-03 05:17,-,,2022,8
,univ2022_08.html,2024-01-03 05:17,285K,,2022,8
,,,,,2022,8
,,,,,2022,9
,Parent Directory,,-,,2022,9
,daily_plots/,2019-05-06 20:01,-,,2022,9
,htpng/,2023-02-24 16:25,-,,2022,9
,jsmovies/,2025-06-09 13:58,-,,2022,9
,yht/,2024-01-03 05:19,-,,2022,9
,univ2022_09.html,2024-01-03 05:19,247K,,2022,9
,,,,,2022,9
,,,,,2022,10
,Parent Directory,,-,,2022,10
,daily_plots/,2019-05-06 20:01,-,,2022,10
,htpng/,2023-03-17 17:37,-,,2022,10
,jsmovies/,2025-06-09 13:58,-,,2022,10
,yht/,2024-01-03 05:21,-,,2022,10
,univ2022_10.html,2024-01-03 05:21,249K,,2022,10
,,,,,2022,10
,,,,,2022,11
,Parent Directory,,-,,2022,11
,daily_plots/,2019-05-06 20:01,-,,2022,11
,htpng/,2023-02-24 16:28,-,,2022,11
,jsmovies/,2025-06-09 13:58,-,,2022,11
,yht/,2024-01-03 05:23,-,,2022,11
,univ2022_11.html,2024-01-03 05:23,258K,,2022,11
,,,,,2022,11
,,,,,2022,12
,Parent Directory,,-,,2022,12
,daily_plots/,2019-05-06 20:01,-,,2022,12
,htpng/,2023-03-17 17:47,-,,2022,12
,jsmovies/,2025-06-09 13:58,-,,2022,12
,yht/,2024-01-03 05:25,-,,2022,12
,univ2022_12.html,2024-01-03 05:25,331K,,2022,12
,,,,,2022,12
,,,,,2023,1
,Parent Directory,,-,,2023,1
,daily_plots/,2019-05-06 20:01,-,,2023,1
,htpng/,2023-05-12 16:37,-,,2023,1
,jsmovies/,2025-06-09 13:58,-,,2023,1
,yht/,2024-01-03 05:27,-,,2023,1
,univ2023_01.html,2024-01-03 05:27,273K,,2023,1
,,,,,2023,1
,,,,,2023,2
,Parent Directory,,-,,2023,2
,daily_plots/,2019-05-06 20:01,-,,2023,2
,htpng/,2023-05-12 16:46,-,,2023,2
,jsmovies/,2025-06-09 13:58,-,,2023,2
,yht/,2024-01-03 05:29,-,,2023,2
,univ2023_02.html,2024-01-03 05:29,239K,,2023,2
,,,,,2023,2
,,,,,2023,3
,Parent Directory,,-,,2023,3
,daily_plots/,2019-05-06 20:01,-,,2023,3
,htpng/,2023-05-12 16:56,-,,2023,3
,jsmovies/,2025-06-09 13:58,-,,2023,3
,yht/,2024-01-03 05:31,-,,2023,3
,univ2023_03.html,2024-01-03 05:31,339K,,2023,3
,,,,,2023,3
,,,,,2023,4
,Parent Directory,,-,,2023,4
,daily_plots/,2019-05-06 20:01,-,,2023,4
,htpng/,2023-06-16 20:28,-,,2023,4
,jsmovies/,2025-06-09 13:58,-,,2023,4
,yht/,2024-01-03 05:33,-,,2023,4
,univ2023_04.html,2024-01-03 05:33,282K,,2023,4
,,,,,2023,4
,,,,,2023,5
,Parent Directory,,-,,2023,5
,daily_plots/,2019-05-06 20:01,-,,2023,5
,htpng/,2023-08-02 22:30,-,,2023,5
,jsmovies/,2025-06-09 13:58,-,,2023,5
,yht/,2024-01-03 05:36,-,,2023,5
,univ2023_05.html,2024-01-03 05:36,350K,,2023,5
,,,,,2023,5
,,,,,2023,6
,Parent Directory,,-,,2023,6
,daily_plots/,2019-05-06 20:01,-,,2023,6
,htpng/,2023-08-12 20:01,-,,2023,6
,jsmovies/,2025-06-09 13:58,-,,2023,6
,yht/,2024-01-03 05:38,-,,2023,6
,univ2023_06.html,2024-01-03 05:38,287K,,2023,6
,,,,,2023,6
,,,,,2023,7
,Parent Directory,,-,,2023,7
,daily_plots/,2019-05-06 20:01,-,,2023,7
,htpng/,2024-01-25 19:17,-,,2023,7
,jsmovies/,2025-06-09 13:58,-,,2023,7
,yht/,2024-04-17 01:13,-,,2023,7
,univ2023_07.html,2024-04-17 01:13,312K,,2023,7
,,,,,2023,7
,,,,,2023,8
,Parent Directory,,-,,2023,8
,daily_plots/,2019-05-06 20:01,-,,2023,8
,htpng/,2024-01-25 19:52,-,,2023,8
,jsmovies/,2025-06-09 13:58,-,,2023,8
,yht/,2024-01-25 19:51,-,,2023,8
,univ2023_08.html,2024-01-25 19:51,273K,,2023,8
,,,,,2023,8
,,,,,2023,9
,Parent Directory,,-,,2023,9
,daily_plots/,2019-05-06 20:01,-,,2023,9
,htpng/,2024-01-25 19:54,-,,2023,9
,jsmovies/,2025-06-09 13:58,-,,2023,9
,yht/,2025-08-01 21:20,-,,2023,9
,univ2023_09.html,2025-08-01 21:20,298K,,2023,9
,,,,,2023,9
,,,,,2023,10
,Parent Directory,,-,,2023,10
,daily_plots/,2019-05-06 20:01,-,,2023,10
,htpng/,2024-04-28 22:29,-,,2023,10
,jsmovies/,2025-06-09 13:58,-,,2023,10
,yht/,2025-08-01 21:24,-,,2023,10
,univ2023_10.html,2025-08-01 21:24,207K,,2023,10
,,,,,2023,10
,,,,,2023,11
,Parent Directory,,-,,2023,11
,daily_plots/,2019-05-06 20:01,-,,2023,11
,htpng/,2024-03-01 21:57,-,,2023,11
,jsmovies/,2025-06-09 13:58,-,,2023,11
,yht/,2025-08-01 21:26,-,,2023,11
,univ2023_11.html,2025-08-01 21:26,234K,,2023,11
,,,,,2023,11
,,,,,2023,12
,Parent Directory,,-,,2023,12
,daily_plots/,2019-05-06 20:01,-,,2023,12
,htpng/,2024-04-01 19:17,-,,2023,12
,jsmovies/,2025-06-09 13:58,-,,2023,12
,yht/,2025-08-01 21:28,-,,2023,12
,univ2023_12.html,2025-08-01 21:28,336K,,2023,12
,,,,,2023,12
,,,,,2024,1
,Parent Directory,,-,,2024,1
,daily_plots/,2019-05-06 20:01,-,,2024,1
,htpng/,2024-06-12 22:41,-,,2024,1
,jsmovies/,2025-06-09 13:58,-,,2024,1
,yht/,2025-08-01 21:31,-,,2024,1
,univ2024_01.html,2025-08-01 21:31,355K,,2024,1
,,,,,2024,1
,,,,,2024,2
,Parent Directory,,-,,2024,2
,daily_plots/,2019-05-06 20:01,-,,2024,2
,htpng/,2025-04-01 17:03,-,,2024,2
,jsmovies/,2025-06-09 13:58,-,,2024,2
,yht/,2025-08-01 21:33,-,,2024,2
,univ2024_02.html,2025-08-01 21:33,313K,,2024,2
,,,,,2024,2
,,,,,2024,3
,Parent Directory,,-,,2024,3
,daily_plots/,2019-05-06 20:01,-,,2024,3
,htpng/,2024-11-20 19:24,-,,2024,3
,jsmovies/,2025-06-09 13:58,-,,2024,3
,yht/,2025-08-01 21:35,-,,2024,3
,univ2024_03.html,2025-08-01 21:35,281K,,2024,3
,,,,,2024,3
,,,,,2024,4
,Parent Directory,,-,,2024,4
,daily_plots/,2019-05-06 20:01,-,,2024,4
,htpng/,2024-08-06 14:45,-,,2024,4
,jsmovies/,2025-06-09 13:58,-,,2024,4
,yht/,2025-08-01 21:38,-,,2024,4
,univ2024_04.html,2025-08-01 21:38,375K,,2024,4
,,,,,2024,4
,,,,,2024,5
,Parent Directory,,-,,2024,5
,daily_plots/,2019-05-06 20:01,-,,2024,5
,htpng/,2025-08-13 21:35,-,,2024,5
,jsmovies/,2025-06-09 13:58,-,,2024,5
,yht/,2025-08-13 21:43,-,,2024,5
,univ2024_05.html,2025-08-13 21:43,353K,,2024,5
,,,,,2024,5
,,,,,2024,6
,Parent Directory,,-,,2024,6
,daily_plots/,2019-05-06 20:01,-,,2024,6
,htpng/,2024-10-01 20:30,-,,2024,6
,jsmovies/,2025-06-09 13:58,-,,2024,6
,yht/,2025-08-01 21:42,-,,2024,6
,univ2024_06.html,2025-08-01 21:42,291K,,2024,6
,,,,,2024,6
,,,,,2024,7
,Parent Directory,,-,,2024,7
,daily_plots/,2019-05-06 20:01,-,,2024,7
,htpng/,2025-08-13 19:28,-,,2024,7
,jsmovies/,2025-06-09 13:58,-,,2024,7
,yht/,2025-08-13 19:27,-,,2024,7
,univ2024_07.html,2025-08-13 19:27,359K,,2024,7
,,,,,2024,7
,,,,,2024,8
,Parent Directory,,-,,2024,8
,daily_plots/,2019-05-06 20:01,-,,2024,8
,htpng/,2024-11-13 20:03,-,,2024,8
,jsmovies/,2025-06-09 13:58,-,,2024,8
,yht/,2025-08-01 21:47,-,,2024,8
,univ2024_08.html,2025-08-01 21:47,374K,,2024,8
,,,,,2024,8
,,,,,2024,9
,Parent Directory,,-,,2024,9
,daily_plots/,2019-05-06 20:01,-,,2024,9
,htpng/,2025-01-09 21:16,-,,2024,9
,jsmovies/,2025-06-09 13:58,-,,2024,9
,yht/,2025-08-01 21:49,-,,2024,9
,univ2024_09.html,2025-08-01 21:49,244K,,2024,9
,,,,,2024,9
,,,,,2024,10
,Parent Directory,,-,,2024,10
,daily_plots/,2019-05-06 20:01,-,,2024,10
,htpng/,2025-02-17 20:15,-,,2024,10
,jsmovies/,2025-06-09 13:58,-,,2024,10
,yht/,2025-08-01 21:51,-,,2024,10
,univ2024_10.html,2025-08-01 21:51,262K,,2024,10
,,,,,2024,10
,,,,,2024,11
,Parent Directory,,-,,2024,11
,daily_plots/,2019-05-06 20:01,-,,2024,11
,htpng/,2025-02-17 20:17,-,,2024,11
,jsmovies/,2025-06-09 13:58,-,,2024,11
,yht/,2025-08-01 21:53,-,,2024,11
,univ2024_11.html,2025-08-01 21:53,309K,,2024,11
,,,,,2024,11
,,,,,2024,12
,Parent Directory,,-,,2024,12
,daily_plots/,2019-05-06 20:01,-,,2024,12
,htpng/,2025-03-04 15:14,-,,2024,12
,jsmovies/,2025-06-09 13:58,-,,2024,12
,yht/,2025-08-01 21:56,-,,2024,12
,univ2024_12.html,2025-08-01 21:56,447K,,2024,12
,,,,,2024,12
,,,,,2025,1
,Parent Directory,,-,,2025,1
,daily_plots/,2019-05-06 20:01,-,,2025,1
,htpng/,2025-04-30 17:58,-,,2025,1
,jsmovies/,2025-06-09 13:58,-,,2025,1
,yht/,2025-04-30 17:58,-,,2025,1
,univ2025_01.html,2025-04-30 17:58,372K,,2025,1
,,,,,2025,1
,,,,,2025,2
,Parent Directory,,-,,2025,2
,daily_plots/,2019-05-06 20:01,-,,2025,2
,htpng/,2025-06-13 14:05,-,,2025,2
,jsmovies/,2025-06-09 13:58,-,,2025,2
,yht/,2025-06-13 14:06,-,,2025,2
,univ2025_02.html,2025-06-13 14:06,301K,,2025,2
,,,,,2025,2
,,,,,2025,3
,Parent Directory,,-,,2025,3
,daily_plots/,2019-05-06 20:01,-,,2025,3
,htpng/,2025-06-13 14:09,-,,2025,3
,jsmovies/,2025-06-09 13:58,-,,2025,3
,yht/,2025-09-29 15:30,-,,2025,3
,univ2025_03.html,2025-09-29 15:30,335K,,2025,3
,,,,,2025,3
,,,,,2025,4
,Parent Directory,,-,,2025,4
,daily_plots/,2019-05-06 20:01,-,,2025,4
,htpng/,2025-07-31 18:23,-,,2025,4
,jsmovies/,2025-06-09 13:58,-,,2025,4
,yht/,2025-07-31 18:23,-,,2025,4
,univ2025_04.html,2025-07-31 18:23,303K,,2025,4
,,,,,2025,4
,,,,,2025,5
,Parent Directory,,-,,2025,5
,daily_plots/,2019-05-06 20:01,-,,2025,5
,htpng/,2025-08-19 15:26,-,,2025,5
,jsmovies/,2025-06-09 13:58,-,,2025,5
,yht/,2025-08-19 15:26,-,,2025,5
,univ2025_05.html,2025-08-19 15:26,330K,,2025,5
,,,,,2025,5
,,,,,2025,6
,Parent Directory,,-,,2025,6
,daily_plots/,2019-05-06 20:01,-,,2025,6
,htpng/,2025-08-19 15:14,-,,2025,6
,jsmovies/,2025-06-09 13:58,-,,2025,6
,yht/,2025-08-19 15:28,-,,2025,6
,univ2025_06.html,2025-08-19 15:28,307K,,2025,6
,,,,,2025,6
,,,,,2025,7
,Parent Directory,,-,,2025,7
,daily_plots/,2019-05-06 20:01,-,,2025,7
,htpng/,2025-11-13 15:48,-,,2025,7
,jsmovies/,2025-06-09 13:58,-,,2025,7
,yht/,2025-11-13 18:58,-,,2025,7
,univ2025_07.html,2025-11-13 18:58,246K,,2025,7
,,,,,2025,7
,,,,,2025,8
,Parent Directory,,-,,2025,8
,daily_plots/,2019-05-06 20:01,-,,2025,8
,htpng/,2025-11-24 17:59,-,,2025,8
,jsmovies/,2025-06-09 13:58,-,,2025,8
,yht/,2025-11-24 19:19,-,,2025,8
,univ2025_08.html,2025-11-24 19:19,295K,,2025,8
,,,,,2025,8
,,,,,2025,9
,Parent Directory,,-,,2025,9
,daily_plots/,2019-05-06 20:01,-,,2025,9
,htpng/,2025-11-24 18:01,-,,2025,9
,jsmovies/,2025-06-09 13:58,-,,2025,9
,yht/,2025-11-24 19:21,-,,2025,9
,univ2025_09.html,2025-11-24 19:21,306K,,2025,9
,,,,,2025,9
